-- MySQL dump 10.13  Distrib 5.7.17, for Win64 (x86_64)
--
-- Host: 127.0.0.1    Database: db_webjava
-- ------------------------------------------------------
-- Server version	5.5.5-10.1.28-MariaDB

/*!40101 SET @OLD_CHARACTER_SET_CLIENT=@@CHARACTER_SET_CLIENT */;
/*!40101 SET @OLD_CHARACTER_SET_RESULTS=@@CHARACTER_SET_RESULTS */;
/*!40101 SET @OLD_COLLATION_CONNECTION=@@COLLATION_CONNECTION */;
/*!40101 SET NAMES utf8 */;
/*!40103 SET @OLD_TIME_ZONE=@@TIME_ZONE */;
/*!40103 SET TIME_ZONE='+00:00' */;
/*!40014 SET @OLD_UNIQUE_CHECKS=@@UNIQUE_CHECKS, UNIQUE_CHECKS=0 */;
/*!40014 SET @OLD_FOREIGN_KEY_CHECKS=@@FOREIGN_KEY_CHECKS, FOREIGN_KEY_CHECKS=0 */;
/*!40101 SET @OLD_SQL_MODE=@@SQL_MODE, SQL_MODE='NO_AUTO_VALUE_ON_ZERO' */;
/*!40111 SET @OLD_SQL_NOTES=@@SQL_NOTES, SQL_NOTES=0 */;

--
-- Table structure for table `comments`
--

DROP TABLE IF EXISTS `comments`;
/*!40101 SET @saved_cs_client     = @@character_set_client */;
/*!40101 SET character_set_client = utf8 */;
CREATE TABLE `comments` (
  `idcomments` int(11) NOT NULL AUTO_INCREMENT,
  `content` text COLLATE utf8_unicode_ci NOT NULL,
  `createddate` datetime NOT NULL,
  `idusers` int(11) NOT NULL,
  `idnews` int(11) NOT NULL,
  `status` bit(1) NOT NULL,
  PRIMARY KEY (`idcomments`),
  KEY `commentofuser_idx` (`idusers`),
  KEY `commentinnews_idx` (`idnews`),
  CONSTRAINT `commentinnews` FOREIGN KEY (`idnews`) REFERENCES `news` (`idnews`) ON DELETE NO ACTION ON UPDATE NO ACTION,
  CONSTRAINT `commentofuser` FOREIGN KEY (`idusers`) REFERENCES `users` (`idusers`) ON DELETE NO ACTION ON UPDATE NO ACTION
) ENGINE=InnoDB AUTO_INCREMENT=5 DEFAULT CHARSET=utf8 COLLATE=utf8_unicode_ci;
/*!40101 SET character_set_client = @saved_cs_client */;

--
-- Dumping data for table `comments`
--

LOCK TABLES `comments` WRITE;
/*!40000 ALTER TABLE `comments` DISABLE KEYS */;
INSERT INTO `comments` VALUES (1,'Bài viết hay quá bạn ơi','2017-12-26 10:46:17',13,10,''),(2,'is it ok?','2017-12-26 18:59:51',13,10,''),(3,'It works :D','2017-12-26 19:00:22',13,10,''),(4,'Tuyệt vời','2018-01-01 22:32:34',13,11,'');
/*!40000 ALTER TABLE `comments` ENABLE KEYS */;
UNLOCK TABLES;

--
-- Table structure for table `news`
--

DROP TABLE IF EXISTS `news`;
/*!40101 SET @saved_cs_client     = @@character_set_client */;
/*!40101 SET character_set_client = utf8 */;
CREATE TABLE `news` (
  `idnews` int(11) NOT NULL AUTO_INCREMENT,
  `title` text NOT NULL,
  `description` longtext NOT NULL,
  `short-description` text,
  `createddate` datetime DEFAULT CURRENT_TIMESTAMP,
  `idusers` int(11) DEFAULT '0',
  `featureimg` varchar(155) DEFAULT '',
  `status` int(11) DEFAULT '0',
  `notes` varchar(100) DEFAULT '',
  PRIMARY KEY (`idnews`),
  KEY `FK_user_news_idx` (`idusers`),
  CONSTRAINT `FK_user_news` FOREIGN KEY (`idusers`) REFERENCES `users` (`idusers`) ON DELETE NO ACTION ON UPDATE NO ACTION
) ENGINE=InnoDB AUTO_INCREMENT=13 DEFAULT CHARSET=utf8;
/*!40101 SET character_set_client = @saved_cs_client */;

--
-- Dumping data for table `news`
--

LOCK TABLES `news` WRITE;
/*!40000 ALTER TABLE `news` DISABLE KEYS */;
INSERT INTO `news` VALUES (1,'Gõ chữ tiếng Việt trên Firefox hay bị lỗi? Tắt tính năng kiểm tra chính tả đi là xong!','<p>&nbsp;</p>\r\n\r\n<p><em>Rất may v&igrave; Firefox&nbsp;nhận ra điều n&agrave;y v&agrave; sẳn s&agrave;ng cung cấp cho người d&ugrave;ng lựa chọn v&ocirc; hiệu h&oacute;a t&iacute;nh năng n&agrave;y đi, cụ thể như sau:</em></p>\r\n\r\n<p>&nbsp;</p>\r\n\r\n<p><img alt=\"\r\nBước 1: Nhấn vào biểu tượng menu mở rộng của Chrome và nhấn Cài đặt.\r\n\" src=\"http://genknews.genkcdn.vn/2017/2-1513046658016.png\" /></p>\r\n\r\n<p><strong>Bước 1:&nbsp;</strong>Nhấn v&agrave;o biểu tượng menu mở rộng của Chrome v&agrave; nhấn C&agrave;i đặt.</p>\r\n\r\n<p>&nbsp;</p>\r\n\r\n<p><img alt=\"\r\nBước 2: Trong trang Cài đặt, hãy nhấn vào menu mở rộng bên trái và nhấn vào lựa chọn Hình thức.\r\n\" src=\"http://genknews.genkcdn.vn/2017/3-1513046658019.png\" /></p>\r\n\r\n<p><strong>Bước 2:&nbsp;</strong>Trong trang C&agrave;i đặt, h&atilde;y nhấn v&agrave;o menu mở rộng b&ecirc;n tr&aacute;i v&agrave; nhấn v&agrave;o lựa chọn H&igrave;nh thức.</p>\r\n\r\n<p>&nbsp;</p>\r\n\r\n<p><img alt=\"\r\nBước 3: Cuộn xuống cuối trang và nhấn vào Nâng cao.\r\n\" src=\"http://genknews.genkcdn.vn/2017/4-1513046658021.png\" /></p>\r\n\r\n<p><strong>Bước 3:</strong>&nbsp;Cuộn xuống cuối trang v&agrave; nhấn v&agrave;o N&acirc;ng cao.</p>\r\n\r\n<p>&nbsp;</p>\r\n\r\n<p><img alt=\"\r\nBước 4: Tìm đến nhóm thiết lập Ngôn ngữ và nhấn vào lựa chọn Kiểm tra chính tả.\r\n\" src=\"http://genknews.genkcdn.vn/2017/5-1513046658025.png\" /></p>\r\n\r\n<p><strong>Bước 4:&nbsp;</strong>T&igrave;m đến nh&oacute;m thiết lập Ng&ocirc;n ngữ v&agrave; nhấn v&agrave;o lựa chọn Kiểm tra ch&iacute;nh tả.</p>\r\n\r\n<p>&nbsp;</p>\r\n\r\n<p><img alt=\"\r\nBước 5: Gạt sang OFF ở lựa chọn Tiếng Việt là xong.\r\n\" src=\"http://genknews.genkcdn.vn/2017/6-1513046658030.png\" /></p>\r\n\r\n<p><strong>Bước 5:&nbsp;</strong>Gạt sang OFF ở lựa chọn Tiếng Việt l&agrave; xong.</p>\r\n\r\n<p>Rất đơn giản phải kh&ocirc;ng?</p>\r\n\r\n<p>&quot;&gt;</p>\r\n',NULL,'2017-12-09 00:09:01',1,'ben-o-sullivan-382817.jpg',1,NULL),(3,'AI của Google vượt qua cả những hệ thống từng đánh bại con người trong bộ môn cờ vua và cờ shogi','Không chỉ \"bá đạo\" trong cờ vây, AlphaZero - phiên bản tiếp theo của AlphaGo còn sở hữu khả năng chơi cờ vua và cờ shogi cực kỳ xuất sắc.\nMới đây, công ty chuyên nghiên cứu trong lĩnh vực trí tuệ nhân tạo (AI) DeepMind (thuộc Google) cho biết họ đã áp dụng công nghệ machine learning dùng trong AlphaGo trước đó và xây dựng thành công một hệ thống mới có tên AlphaZero.\n\nKhông nhắm vào bộ môn cờ vây như những người tiền nhiệm, AlphaZero được lập trình để đánh bại các chương trình cờ vua và cờ shogi (một loại cờ của Nhật Bản) hàng đầu khác. Và dĩ nhiên nó cũng qua mặt luôn cả người “đàn anh” AlphaGo Zero của mình.\n\n\nAlphaZero đã vượt qua nhiều hệ thống AI khác, trong đó có cả người tiền nhiệm AlphaGo Zero.\nAlphaZero đã vượt qua nhiều hệ thống AI khác, trong đó có cả người tiền nhiệm AlphaGo Zero.\n\n\nĐây có thể coi là một bước đi khôn ngoan và cực kỳ hợp lý của DeepMind. Xét về cờ vua và shogi, AI đã có những sản phẩm vượt qua cả những kiện tướng xuất sắc nhất thế giới từ khá lâu rồi, trong đó tiêu biểu là Stockfish - AI hàng đầu về cờ vua và Elmo - AI hàng đầu về cờ shogi.\n\nVì vậy, nếu DeepMind đánh bại được các chương trình đó, vị thế của họ trong lĩnh vực AI sẽ được nâng lên một tầm cao mới. Và đúng như họ kỳ vọng, AlphaZero đã dễ dàng hạ gục hoàn toàn “cặp đôi hoàn hảo” trên.\n\nGiống như các chương trình trước đó của DeepMind, AlphaZero đạt được thành tựu đáng nể này là nhờ quá trình “tự học” mà không hề có sự can thiệp nào từ con người. Ngoài những kiến thức cơ bản như luật chơi, cách di chuyển cụ thể của từng quân cờ, cơ sở dữ liệu đầu vào cho AlphaZero gần như là con số 0.\n\nTuy nhiên, nếu AlphaGo Zero được thiết kế với mục đích chinh phục bộ môn cờ vây thì AlphaZero lại có khả năng ứng dụng rộng rãi hơn rất nhiều. Mục đích cao nhất của DeepMind với sản phẩm này là tạo ra nền tảng cũng như kế hoạch chi tiết để phát triển các hệ thống AI tương lai. Ngoài ra, họ cũng hi vọng có thể giải quyết các vấn đề còn tồn tại hiện nay trên nhiều lĩnh vực, bao gồm cả thiết kế của các loại thuốc.\n\n\nMục đích của DeepMind là ứng dụng AI vào nhiều lĩnh vực hơn chứ không chỉ dừng lại ở các trò chơi.\nMục đích của DeepMind là ứng dụng AI vào nhiều lĩnh vực hơn chứ không chỉ dừng lại ở các trò chơi.\n\n\nĐược biết, DeepMind đã tiến hành “đào tạo” ba phiên bản AlphaZero riêng biệt nhắm vào ba mục tiêu khác nhau: cờ vây (AlphaGo Zero), cờ vua và cờ shogi. Trong đó, hệ thống cờ vua đã tự chơi 44 triệu ván với chính mình. Con số này đối với cờ shogi và cờ vây lần lượt là 24 triệu và 21 triệu.\n\nTuy nhiên, sự thống trị của AlphaZero cũng không thực sự tuyệt đối và ấn tượng bởi có rất nhiều điểm khác biệt quan trọng giữa cờ vây với hai bộ môn còn lại. Luật chơi của cờ vua và cờ shogi rất chặt chẽ và luôn có những giới hạn trong cách di chuyển của mỗi loại quân cờ riêng biệt. Còn với cờ vây, các quân cờ đều bình đẳng với nhau và thế trận hoàn toàn do người chơi thiết lập ngay từ đầu.\n\nNgoài ra, bàn cờ vua hay cờ shogi cũng được thiết kế cố định chứ không thể tùy biến như cờ vây. Trong cờ shogi còn có thêm điều luật khi “ăn” được quân của đối phương, người chơi có thể đưa quân đó trở lại bàn cờ và sử dụng như quân của mình.\n\nChính những khác biệt này đã buộc hệ thống thuật toán của AlphaZero phải thay đổi. Vì cờ vây hiện đại không tính kết quả hòa nữa nên AlphaZero không những phải nhanh chóng thích ứng và tối ưu hóa khả năng giành chiến thắng của mình mà còn phải mở rộng cũng như tiếp nhận thêm những khả năng hòa trong bộ môn cờ vua.\n\n\nSự khác biệt giữa cờ vây và cờ vua khiến AlphaZero phải thay đổi rất nhiều so với người tiền nhiệm.\nSự khác biệt giữa cờ vây và cờ vua khiến AlphaZero phải thay đổi rất nhiều so với người tiền nhiệm.\n\n\nTuy nhiên, trong quá trình “tự học” và trải qua rất nhiều lần thử nghiệm, AlphaZero đã cho ra những kết quả khá ấn tượng: Bất bại khi đối đầu với Stockfish trong 100 ván cờ vua. Khi lựa chọn quân trắng (quân được đi trước), AlphaZero thắng 25 và hòa 25 trong khi lựa chọn quân đen, nó thắng 3 và hòa 47 trận. Điều này cũng không có gì khó hiểu bởi trong cờ vua, người đi trước sẽ luôn nắm trong tay một lợi thế nhất định.\n\nBên cạnh đó, AlphaZero cũng đã học được một số nước đi mở màn phổ biến nhất trên thế giới. Điều này dù không thực sự nổi bật bởi số lượng nước đi đầu tiên không quá nhiều nhưng nó đã phần nào cho thấy AI có tốc độ tiếp nhận kiến thức do con người khám phá và tích lũy hàng trăm năm qua nhanh đến thế nào.\n\nCòn đối với cờ shogi, AlphaZero đã để lộ một số điểm yếu khi đối đầu với hệ thống “siêu cao thủ” Elmo. Cụ thể, AI của DeepMind đã để thua 5 trận khi chọn quân trắng và 3 trận khi chọn quân đen. Tuy nhiên, cần phải lưu ý rằng cách chơi của shogi khó hơn rất nhiều so với cờ vua vì diện tích bàn cờ lớn hơn, đồng nghĩa với việc độ phức tạp về mặt chiến thuật cũng cao hơn.\n\nCờ vây có lẽ vẫn là thế mạnh tuyệt đối của hệ thống này. AlphaGo Zero đang là “độc cô cầu bại” với 19 trận thắng khi là người đi trước và 21 trận thắng khi đi sau. Đối với hai bộ môn kia, việc đi trước hay sau cũng đã ít nhiều ảnh hưởng đến kết quả mà AlphaZero mang lại.\n\n\nCâu hỏi đặt ra lúc này là liệu AlphaZero có thể đánh bại con người như các đàn anh của mình hay không?\nCâu hỏi đặt ra lúc này là liệu AlphaZero có thể đánh bại con người như các \"đàn anh\" của mình hay không?\n\n\nCuộc chiến giữa máy với máy đã ngã ngũ khi AI của DeepMind đang trội hơn hẳn so với các đối thủ còn lại. Tuy nhiên, khả năng của AlphaZero khi đối đầu với con người sẽ như thế nào vẫn còn là một ẩn số. Nhưng hãy nhớ rằng ngay cả các kiện tướng dày dạn kinh nghiệm cũng đã phải chịu thất bại trước hai bại tướng của AlphaZero là Elmo và Stockfish. Sẽ không quá khi nói rằng hệ thống này đang sở hữu sức mạnh siêu nhiên vượt quá giới hạn của nhân loại.\n\nBên cạnh đó, hồi đầu năm nay DeepMind đã tiết lộ họ sẽ để AlphaGo nghỉ ngơi một thời gian sau khi hệ thống AI này dễ dàng đánh bại các đối thủ khác của mình.\n\nTheo VentureBeat',NULL,'2017-12-09 00:09:01',16,'marion-michele-330691.jpg',0,''),(4,'Thật tuyệt vời, Microsoft Edge vừa hỗ trợ Internet Download Manager! Nhưng cài đặt hơi phức tạp','<h2>Chrome v&agrave; Egde&nbsp;hỗ trợ IDM chắc cũng được gần 10 năm rồi...</h2>\r\n\r\n<p>Internet Download Manager, phần mềm hỗ trợ tải dữ liệu trực tuyến được sử dụng rất nhiều ở Việt Nam đ&atilde; ch&iacute;nh thức ra mắt phi&ecirc;n bản 6.30 Build 1 đ&aacute;nh dấu việc phần mềm n&agrave;y đ&atilde; &ldquo;chơi chung&rdquo; với Microsoft Edge tr&ecirc;n Windows 10.</p>\r\n\r\n<p>&nbsp;</p>\r\n\r\n<p><img alt=\"\" src=\"http://genknews.genkcdn.vn/2017/1-1513085146517.jpg\" /></p>\r\n\r\n<p><em>Tuy nhi&ecirc;n, do c&aacute;c tiện &iacute;ch mở rộng d&agrave;nh cho Microsoft Edge chỉ được kiểm duyệt, ph&aacute;t h&agrave;nh v&agrave; c&agrave;i đặt th&ocirc;ng qua Windows Store n&ecirc;n bạn cần phải trải qua v&agrave;i bước l&agrave;m sau đ&acirc;y để cả 2 c&oacute; thể &ldquo;đến với nhau&rdquo;, cụ thể như sau:</em></p>\r\n\r\n<p>&nbsp;</p>\r\n\r\n<p><img alt=\"\r\nBước 1: Dùng Microsoft Edge để truy cập vào đường dẫn này và nhấn “Get the app”.\r\n\" src=\"http://genknews.genkcdn.vn/2017/2-1513085146520.png\" /></p>\r\n\r\n<p><strong>Bước 1:</strong>&nbsp;D&ugrave;ng Microsoft Edge để truy cập v&agrave;o&nbsp;<strong><a href=\"https://www.microsoft.com/en-aq/store/p/idm-integration-module/9p5qlkvjh982?rtc=1\" target=\"_blank\">đường dẫn n&agrave;y</a></strong>&nbsp;v&agrave; nhấn &ldquo;Get the app&rdquo;.</p>\r\n\r\n<p>&nbsp;</p>\r\n\r\n<p><img alt=\"\r\nBước 2: Lúc này Windows Store sẽ tự khởi động và truy cập vào trang chứa tiện ích mở rộng IDM Integration Module. Bây giờ bạn hãy nhấn “Get” để tải nó về.\r\n\" src=\"http://genknews.genkcdn.vn/2017/3-1513085146522.png\" /></p>\r\n\r\n<p><strong>Bước 2</strong>: L&uacute;c n&agrave;y Windows Store sẽ tự khởi động v&agrave; truy cập v&agrave;o trang chứa tiện &iacute;ch mở rộng IDM Integration Module. B&acirc;y giờ bạn h&atilde;y nhấn &ldquo;Get&rdquo; để tải n&oacute; về.</p>\r\n\r\n<p>&nbsp;</p>\r\n\r\n<p><img alt=\"\r\nBước 3: Khi đã hoàn tất việc tải và cài đặt IDM Integration Module một cách tự động, bạn hãy khởi động Microsoft Edge lên và khi đó cửa sổ yêu cầu cho phép kích hoạt IDM Integration Module sẽ hiện ra, hãy nhấn Turn it on.\r\n\" src=\"http://genknews.genkcdn.vn/2017/4-1513085146524.png\" /></p>\r\n\r\n<p><strong>Bước 3:&nbsp;</strong>Khi đ&atilde; ho&agrave;n tất việc tải v&agrave; c&agrave;i đặt IDM Integration Module một c&aacute;ch tự động, bạn h&atilde;y khởi động Microsoft Edge l&ecirc;n v&agrave; khi đ&oacute; cửa sổ y&ecirc;u cầu cho ph&eacute;p k&iacute;ch hoạt IDM Integration Module sẽ hiện ra, h&atilde;y nhấn Turn it on.</p>\r\n\r\n<p>&nbsp;</p>\r\n\r\n<p><img alt=\"\r\nKhi nhấn Turn it on, IDM Integration Module sẽ tự động được kích hoạt. Bạn có thể kiểm tra lại sự tồn tại của nó trong Microsoft Edge bằng cách truy cập vào mục Extensons.\r\n\" src=\"http://genknews.genkcdn.vn/2017/5-1513085146528.png\" /></p>\r\n\r\n<p>Khi nhấn Turn it on, IDM Integration Module sẽ tự động được k&iacute;ch hoạt. Bạn c&oacute; thể kiểm tra lại sự tồn tại của n&oacute; trong Microsoft Edge bằng c&aacute;ch truy cập v&agrave;o mục Extensons.</p>\r\n\r\n<p>&nbsp;</p>\r\n\r\n<p><img alt=\"\r\nIDM Integration Module đang ở thiết lập “ON” tức là đã có thể sử dụng.\r\n\" src=\"http://genknews.genkcdn.vn/2017/6-1513085146529.png\" /></p>\r\n\r\n<p>IDM Integration Module đang ở thiết lập &ldquo;ON&rdquo; tức l&agrave; đ&atilde; c&oacute; thể sử dụng.</p>\r\n\r\n<p>&nbsp;</p>\r\n\r\n<p><img alt=\"\r\nGiờ thì bạn mỗi khi nhấp vào một liên kết tải nào đó, Internet Download Manager sẽ nhận diện và hiển thị hộp thoại tải dữ liệu để bạn thao tác.\r\n\" src=\"http://genknews.genkcdn.vn/2017/7-1513085146534.png\" /></p>\r\n\r\n<p>Giờ th&igrave; bạn mỗi khi nhấp v&agrave;o một li&ecirc;n kết tải n&agrave;o đ&oacute;, Internet Download Manager sẽ nhận diện v&agrave; hiển thị hộp thoại tải dữ liệu để bạn thao t&aacute;c.</p>\r\n\r\n<p>Rất tuyệt phải kh&ocirc;ng?</p>\r\n',NULL,'2017-12-23 19:25:36',12,'slider-1-1600x900.jpg',1,NULL),(5,'Khi bạn tập thể dục, chạy hay đi bộ thì tốt hơn theo khoa học?','<h2>Hơn 50% số người tập chạy gặp chấn thương, so s&aacute;nh với chỉ 1% ở người đi bộ.</h2>\r\n\r\n<p>Sarah Kliff l&agrave; một ph&oacute;ng vi&ecirc;n y tế tại trang tin Vox. C&ocirc; l&agrave; một người phụ nữ mạnh mẽ. Trong khi những b&agrave; nội trợ kh&aacute;c d&agrave;nh thời gian mua sắm tại si&ecirc;u thị v&agrave; những quầy h&agrave;ng tạp h&oacute;a, Sarah tập luyện để&nbsp;<a href=\"http://genk.vn/chay.html\" target=\"_blank\">chạy</a>&nbsp;half-marathon v&agrave; triathlons (ba m&ocirc;n thể thao phối hợp: bơi, đạp xe v&agrave; chạy).</p>\r\n\r\n<p>Nhưng niềm đam m&ecirc; đ&oacute; đ&atilde; khiến Sarah bị vi&ecirc;m c&acirc;n gan ch&acirc;n v&agrave; rạn xương. Đ&ocirc;i khi, c&ocirc; ấy đi gi&agrave;y thể thao m&agrave; vẫn c&agrave; nhắc suốt v&agrave;i th&aacute;ng, chẳng thể đi gi&agrave;y bệt hay gi&agrave;y cao g&oacute;t v&igrave; ch&uacute;ng sẽ g&acirc;y đau. Thậm ch&iacute;, Sarah phải k&ecirc; ch&acirc;n tr&aacute;i l&ecirc;n một chiếc đệm lớn để giữ g&igrave;n những vết rạn trong xương b&agrave;n ch&acirc;n, kết quả của qu&aacute; tr&igrave;nh tập luyện cực khổ.</p>\r\n\r\n<p>Từ nhiều kh&iacute;a cạnh, Sarah l&agrave; một trường hợp ho&agrave;n hảo cho ch&uacute;ng ta suy nghĩ về những lợi &iacute;ch v&agrave; nguy cơ của tập chạy với&nbsp;<a href=\"http://genk.vn/di-bo.html\" target=\"_blank\">đi bộ</a>. Chạy mang lại nhiều lợi &iacute;ch sức khỏe hơn đi bộ, bằng chứng l&agrave; Sarah c&oacute; d&aacute;ng người rất chuẩn. Nhưng n&oacute; cũng tiềm ẩn những nguy cơ chấn thương nhiều hơn, cứ nh&igrave;n b&agrave;n ch&acirc;n của c&ocirc; ấy th&igrave; biết.</p>\r\n\r\n<p>Vậy ảnh hưởng t&iacute;ch cực hay ti&ecirc;u cực sẽ chiếm ưu thế trong hai kiểu tập luyện chạy v&agrave; đi bộ? Để t&igrave;m hiểu, ch&uacute;ng ta h&atilde;y thử v&agrave;o Google Scholar v&agrave; PubMed (một c&ocirc;ng cụ t&igrave;m kiếm nghi&ecirc;n cứu sức khỏe miễn ph&iacute;) v&agrave; lục tung những &quot;<em>thử nghiệm đối chứng ngẫu nhi&ecirc;n</em>&quot; v&agrave; &quot;<em>b&agrave;i đ&aacute;nh gi&aacute; hệ thống</em>&quot; về chạy v&agrave; đi bộ.</p>\r\n\r\n<p>Những thử nghiệm v&agrave; đ&aacute;nh gi&aacute; n&agrave;y ch&iacute;nh l&agrave; ti&ecirc;u chuẩn v&agrave;ng của khoa học. Đ&oacute; l&agrave; những chứng cứ chất lượng cao nhất c&oacute; thể n&oacute;i về những rủi ro v&agrave; lợi &iacute;ch của hai h&igrave;nh thức tập luyện: chạy v&agrave; đi bộ.</p>\r\n\r\n<p>&nbsp;</p>\r\n\r\n<p><img alt=\"\r\nKhi bạn tập thể dục, chạy hay đi bộ thì tốt hơn theo khoa học?\r\n\" src=\"http://genknews.genkcdn.vn/thumb_w/660/2017/shutterstock26675813600-1511850824559.jpg\" /></p>\r\n\r\n<p>Khi bạn tập thể dục, chạy hay đi bộ th&igrave; tốt hơn theo khoa học?</p>\r\n\r\n<p>Ngay khi truy cập v&agrave;o c&aacute;c nghi&ecirc;n cứu, điều đầu ti&ecirc;n bạn thấy l&agrave; chạy c&oacute; thể g&acirc;y ra nhiều chấn thương hơn. Nguy cơ chấn thương c&agrave;ng tăng khi c&aacute;c h&igrave;nh thức chạy c&agrave;ng nặng. Nghi&ecirc;n cứu khoa học ph&aacute;t hiện những người chạy bộ gặp thương t&iacute;ch nhiều hơn đ&aacute;ng kể so với người đi bộ. Tỷ lệ chấn thương c&ograve;n cao hơn nữa với những người tập chạy ultramarathon (cự li d&agrave;i hơn 42 km của marathon).</p>\r\n\r\n<p>Một nghi&ecirc;n cứu cho thấy nam giới trẻ chạy bộ c&oacute; nguy cơ chấn thương cao hơn 25% so với người đi bộ. C&aacute;c chấn thương li&ecirc;n quan đến chạy thường gặp bao gồm: hội chứng đau xương cẳng ch&acirc;n, chấn thương g&acirc;n g&oacute;t, v&agrave; vi&ecirc;m c&acirc;n gan ch&acirc;n.</p>\r\n\r\n<p>Nh&igrave;nh chung, hơn một nửa số người chạy bộ sẽ gặp một số thương t&iacute;ch, trong khi tỷ lệ người đi bộ bị thương chỉ khoảng 1%. Thật th&uacute; vị, ở tỷ lệ n&agrave;y dường như như bạn c&oacute; thể đi bộ cả đời m&agrave; kh&ocirc;ng l&agrave;m tăng nguy cơ gặp phải chấn thương.</p>\r\n\r\n<p>Chạy khiến ch&uacute;ng ta gặp chấn thương kh&ocirc;ng c&oacute; g&igrave; qu&aacute; ngạc nhi&ecirc;n. Theo nghi&ecirc;n cứu m&ocirc; tả, &quot;<em>Chạy bộ tạo ra một phản lực từ mặt đất c&oacute; gi&aacute; trị gấp 2,5 lần trọng lượng cơ thể, trong khi phản lực từ mặt đất khi đi bộ chỉ nằm trong khoảng 1,2 lần c&acirc;n nặng</em>&quot;. Ngo&agrave;i ra, bạn cũng c&oacute; nhiều khả năng vấp ng&atilde; hơn trong khi chạy so với đi bộ.</p>\r\n\r\n<p>Một số nghi&ecirc;n cứu chỉ ra lợi &iacute;ch đ&aacute;ng kinh ngạc của đi bộ nhanh: Ngay cả 5 đến 10 ph&uacute;t đi bộ nhanh mỗi ng&agrave;y ở tốc độ gần 10 km/h c&oacute; thể l&agrave;m giảm nguy cơ tử vong do bệnh tim mạch v&agrave; nhiều nguy&ecirc;n nh&acirc;n kh&aacute;c. Những người đi bộ nhanh đ&atilde; sống l&acirc;u hơn b&igrave;nh thường 3,8 năm, đối với nam giới v&agrave; 4,7 năm đối với phụ nữ.</p>\r\n\r\n<p>Điều đ&oacute; n&oacute;i n&ecirc;n một điều rằng, đi bộ cũng mang lại những lợi &iacute;ch sức khỏe đ&aacute;ng kể. Một số nghi&ecirc;n cứu cho thấy bạn c&oacute; thể sống thọ hơn v&agrave; ngăn chặn bệnh tật bằng c&aacute;ch đơn giản l&agrave; đi bộ - v&agrave; đi bộ c&agrave;ng nhiều th&igrave; c&agrave;ng tốt.</p>\r\n\r\n<p>&nbsp;</p>\r\n\r\n<p><img alt=\"\r\nHơn một nửa số người chạy bộ sẽ gặp chấn thương, trong con số ở người đi bộ chỉ là 1%\r\n\" src=\"http://genknews.genkcdn.vn/2017/injury3-1511851447716.jpg\" /></p>\r\n\r\n<p>Hơn một nửa số người chạy bộ sẽ gặp chấn thương, trong con số ở người đi bộ chỉ l&agrave; 1%</p>\r\n\r\n<p>Tất cả c&aacute;c nghi&ecirc;n cứu n&agrave;y, trong khi cho ch&uacute;ng ta c&aacute;i nh&igrave;n về từng loại h&igrave;nh luyện tập, nhưng kh&ocirc;ng đưa ra bất kỳ kết luận r&otilde; r&agrave;ng về việc chạy hay đi bộ th&igrave; tốt hơn. V&igrave; vậy, tốt hơn hết l&agrave; tham khảo &yacute; kiến của một số nh&agrave; nghi&ecirc;n cứu h&agrave;ng đầu thế giới trong lĩnh vực n&agrave;y.</p>\r\n\r\n<p>C&acirc;u trả lời cuối c&ugrave;ng của họ l&agrave;: Bạn cần phải c&acirc;n nhắc v&igrave; khi được c&aacute;i nọ th&igrave; sẽ mất c&aacute;i kia.</p>\r\n\r\n<p>&quot;<em>Chạy bộ vừa phải sẽ gi&uacute;p ch&uacute;ng ta sống thọ hơn mức đi bộ c&oacute; thể l&agrave;m được</em>&rdquo;, Peter Schnohr, một b&aacute;c sĩ tim mạch đ&atilde; d&agrave;nh nhiều năm nghi&ecirc;n cứu mối quan hệ giữa tập thể dục v&agrave; sức khoẻ, cho biết. Từ kh&oacute;a quan trọng nhất ở đ&acirc;y l&agrave; &quot;<em>vừa phải</em>&quot;.</p>\r\n\r\n<p>B&aacute;c sĩ Schnohr cảnh b&aacute;o, một nghi&ecirc;n cứu mới đ&acirc;y chỉ ra tập thể dục qu&aacute; nặng (v&iacute; dụ luyện tập triathlon) c&oacute; thể dẫn đến c&aacute;c vấn đề về tim. Nh&igrave;n chung, giữa chạy bộ v&agrave; nguy cơ tử vong c&oacute; một mối quan hệ nửa thuận nửa nghịch, &ocirc;ng n&oacute;i. Chạy bộ qu&aacute; &iacute;t th&igrave; kh&ocirc;ng c&oacute; lợi &iacute;ch g&igrave; cho sức khoẻ, nhưng qu&aacute; nhiều lại c&oacute; thể g&acirc;y hại.</p>\r\n\r\n<p>&quot;<em>Chế độ tập luyện tốt nhất l&agrave; chạy bộ từ 2 đến 3 ng&agrave;y mỗi tuần, với tốc độ chậm hoặc trung b&igrave;nh</em>&quot;, b&aacute;c sĩ Schnohr khuy&ecirc;n. &ldquo;<em>Chạy mỗi ng&agrave;y, với tốc độ nhanh, nhiều hơn 4 giờ mỗi tuần kh&ocirc;ng phải l&agrave; điều g&igrave; tốt đẹp cho lắm</em>&quot;. V&agrave; đối với những người kh&ocirc;ng th&iacute;ch chạy, &ocirc;ng n&oacute;i, &quot;<em>Đi bộ nhanh, chứ kh&ocirc;ng phải chậm, cũng k&eacute;o d&agrave;i tuổi thọ. Nhưng t&ocirc;i cũng kh&ocirc;ng thể biết được bạn sẽ sống l&acirc;u th&ecirc;m bao nhi&ecirc;u năm</em>&quot;.</p>\r\n\r\n<p>&nbsp;</p>\r\n\r\n<p><img alt=\"\r\nĐi bộ nhanh, chứ không phải chậm, cũng kéo dài tuổi thọ\r\n\" src=\"http://genknews.genkcdn.vn/thumb_w/660/2017/57c9fd6d3243bimage-1511851576235.jpg\" /></p>\r\n\r\n<p>Đi bộ nhanh, chứ kh&ocirc;ng phải chậm, cũng k&eacute;o d&agrave;i tuổi thọ</p>\r\n\r\n<p>Nh&agrave; nghi&ecirc;n cứu người H&agrave; Lan Luiz Carlos Hespanhol chỉ ra rằng: Nh&igrave;n chung, việc chạy đơn giản chỉ mang lại lợi &iacute;ch sức khỏe hiệu quả hơn l&agrave; đi bộ. Nghi&ecirc;n cứu của &ocirc;ng chỉ ra rằng 5 ph&uacute;t chạy mỗi ng&agrave;y c&oacute; lợi &iacute;ch tương đương 15 ph&uacute;t đi bộ.</p>\r\n\r\n<p>Hespanhol cũng cho biết, sau một năm luyện tập với 2 giờ mỗi tuần, những người chạy bộ giảm c&acirc;n, giảm mỡ cơ thể, giảm nhịp tim nghỉ, v&agrave; giảm lượng triglyceride (chất b&eacute;o) trong m&aacute;u. Thậm ch&iacute;, c&oacute; bằng chứng cho thấy việc chạy bộ c&oacute; thể t&aacute;c động t&iacute;ch cực với căng thẳng, trầm cảm v&agrave; cảm x&uacute;c tức giận.</p>\r\n\r\n<p>Mặc d&ugrave; vậy, Hespanhol kh&ocirc;ng phải l&agrave; người ho&agrave;n to&agrave;n ủng hộ tập chạy bộ. Một lịch tập luyện đi bộ tốt cũng c&oacute; thể cho lợi &iacute;ch tương tự, &ocirc;ng lưu &yacute;.</p>\r\n\r\n<p>&quot;<em>Ai đ&oacute; c&oacute; thể chọn đi bộ thay v&igrave; chạy l&agrave; c&aacute;ch họ hoạt động thể chất khi c&acirc;n nhắc những rủi ro gặp phải chấn thương, bởi đi bộ &iacute;t rủi ro hơn so với chạy</em>&rdquo;, Hespanhol n&oacute;i. Nhưng một số người kh&aacute;c, &ldquo;<em>họ c&oacute; thể chọn chạy bởi v&igrave; lợi &iacute;ch sức khỏe lớn hơn v&agrave; nhanh hơn, mất &iacute;t thời gian tập luyện hơn</em>&rdquo;.</p>\r\n\r\n<p>&nbsp;</p>\r\n\r\n<p><img alt=\"\r\nChạy bộ nâng cao sức khỏe của bạn hiệu quả hơn là đi bộ\r\n\" src=\"http://genknews.genkcdn.vn/thumb_w/660/2017/7-1511851420753.jpg\" /></p>\r\n\r\n<p>Chạy bộ n&acirc;ng cao sức khỏe của bạn hiệu quả hơn l&agrave; đi bộ</p>\r\n\r\n<p>T&oacute;m lại: Chạy bộ n&acirc;ng cao sức khỏe của bạn hiệu quả hơn l&agrave; đi bộ. C&ugrave;ng một thời gian chạy v&agrave; đi bộ, chạy sẽ mang lại nhiều lợi &iacute;ch sức khỏe hơn. Nhưng một khi đ&atilde; chọn chạy, bạn đ&atilde; đặt m&igrave;nh v&agrave;o một nguy cơ thương t&iacute;ch nhiều hơn l&agrave; đi bộ. V&agrave; chạy bộ c&agrave;ng nặng v&agrave; c&agrave;ng nhiều th&igrave; c&agrave;ng c&oacute; hại, trong khi đi bộ c&agrave;ng nhiều c&agrave;ng tốt.</p>\r\n\r\n<p>Vậy với bản th&acirc;n bạn th&igrave; sao? Lựa chọn chạy hay đi bộ sau khi c&acirc;n nhắc những lợi &iacute;ch v&agrave; rủi ro của ch&uacute;ng? Hầu hết c&aacute;c nh&agrave; nghi&ecirc;n cứu đồng &yacute; rằng mỗi người ch&uacute;ng ta đều c&oacute; một h&igrave;nh thức tập luyện ph&ugrave; hợp kh&aacute;c nhau, v&agrave; chế độ tập luyện tốt nhất l&agrave; thứ bạn c&oacute; thể thực hiện n&oacute; điều độ trong thời gian d&agrave;i.</p>\r\n\r\n<p>Nếu bạn th&iacute;ch chạy v&agrave; c&oacute; thể tập chạy thường xuy&ecirc;n v&agrave; điều độ m&agrave; kh&ocirc;ng cảm thấy cơ thể bị vắt kiệt sức v&agrave; chấn thương, th&igrave; bạn n&ecirc;n chạy. Nếu bạn cảm thấy m&igrave;nh kh&ocirc;ng thể chạy 3 buổi mỗi tuần v&agrave; đi bộ l&agrave; nhẹ nh&agrave;ng hơn th&igrave; h&atilde;y đi bộ. Trường hợp cuối c&ugrave;ng nếu bạn ph&acirc;n v&acirc;n, Hespanhol gợi &yacute;: &quot;<em>Tại sao kh&ocirc;ng kết hợp cả hai &ndash; vừa chạy v&agrave; đi bộ - để c&oacute; được lợi &iacute;ch tốt nhất?</em>&quot;.</p>\r\n\r\n<p>Tham khảo&nbsp;<em>Vox</em></p>\r\n',NULL,'2017-12-23 19:25:36',8,'marion-michele-330691.jpg',1,NULL),(6,'Nhà phát triển ứng dụng tin nhắn \"không thể bị hack\" trị giá 5 tỷ USD Telegram: không bán dù bất kỳ giá nào!','<h2>Pavel Durov, người s&aacute;ng lập mạng x&atilde; hội lớn nhất nước Nga - VK, đồng thời l&agrave; nh&agrave; ph&aacute;t triển ứng dụng tin nhắn m&atilde; ho&aacute; Telegram trị gi&aacute; 5 tỷ USD m&agrave; theo anh l&agrave; &quot;kh&ocirc;ng thể bị hack&quot; đ&atilde; tuy&ecirc;n bố d&ugrave; số tiền c&oacute; tăng l&ecirc;n gấp 4 lần cũng nhất quyết kh&ocirc;ng b&aacute;n Telegram.</h2>\r\n\r\n<p>Pavel Durov, 33 tuổi, đ&atilde; &quot;đ&ugrave;a giỡn&quot; với c&ocirc;ng nghệ kh&aacute; nhiều từ khi anh bị buộc phải b&aacute;n số cổ phần c&ograve;n lại trong mạng x&atilde; hội lớn nhất nước Nga - VK - cho một tỷ ph&uacute; th&acirc;n Ch&iacute;nh quyền Nga v&agrave;o năm 2014. Dịch vụ tin nhắn m&atilde; ho&aacute; m&agrave; anh đang ph&aacute;t triển - Telegram - được anh tự h&agrave;o tuy&ecirc;n bố l&agrave; &quot;kh&ocirc;ng thể bị hack&quot;, đ&atilde; c&oacute; khoảng 180 triệu người d&ugrave;ng, trong đ&oacute; chỉ ri&ecirc;ng tại Iran đ&atilde; c&oacute; 40 triệu, v&agrave; cứ mỗi ng&agrave;y tr&ocirc;i qua lại c&oacute; khoảng nửa triệu người d&ugrave;ng mới tham gia. Pavel Durov hiện tạm thời y&ecirc;n vị tại Dubai sau hơn 3 năm &quot;vạ vật&quot; khắp c&aacute;c quốc gia tr&ecirc;n to&agrave;n thế giới.</p>\r\n\r\n<p>&nbsp;</p>\r\n\r\n<p><img alt=\"\r\nPavel Durov\r\n\" src=\"http://genknews.genkcdn.vn/thumb_w/660/2017/1000x-1-1513088616402.jpg\" /></p>\r\n\r\n<p>Pavel Durov</p>\r\n\r\n<p>Pavel v&agrave; anh trai m&igrave;nh l&agrave; Nikolai - một nh&agrave; to&aacute;n học v&agrave; lập tr&igrave;nh vi&ecirc;n từng đoạt nhiều giải thưởng, đ&atilde; tinh chỉnh ứng dụng Telegram của m&igrave;nh trong suốt thời gian di chuyển từ quốc gia n&agrave;y sang quốc gia kh&aacute;c nhằm n&eacute; tr&aacute;nh c&aacute;c nh&agrave; tuyển dụng từ c&aacute;c tổ chức gi&aacute;n điệp v&agrave; lực lượng h&agrave;nh ph&aacute;p như FBI (Pavel cho rằng một số nh&acirc;n vi&ecirc;n FBI đ&atilde; t&igrave;m c&aacute;ch mua chuộc một trong c&aacute;c lập tr&igrave;nh vi&ecirc;n của anh tại San Francisco). Vị tr&iacute; của c&aacute;c m&aacute;y chủ Telegram l&agrave; ho&agrave;n to&agrave;n b&iacute; mật, cũng như t&ecirc;n c&aacute;c nh&acirc;n vi&ecirc;n của anh, trong đ&oacute; c&oacute; nhiều người l&agrave; c&aacute;c triệu ph&uacute;!</p>\r\n\r\n<p>&quot;<em>T&ocirc;i rất th&iacute;ch nơi n&agrave;y. N&oacute; ph&aacute;t triển rất nhanh, như một startup vậy</em>&quot; - Pavel n&oacute;i khi ngồi trong một nh&agrave; h&agrave;ng nh&igrave;n ra bến du thuyền, kh&ocirc;ng xa văn ph&ograve;ng mới của anh tr&ecirc;n tầng 23 một to&agrave; nh&agrave; chọc trời ở Dubai Media City.</p>\r\n\r\n<p><strong>Assange, Snowden</strong></p>\r\n\r\n<p>Mặc một chiếc &aacute;o thun v&agrave; quần jean đen, anh ch&agrave;ng đến từ St. Petersburg n&oacute;i rằng anh đang dự định tuy&ecirc;n bố &quot;một thứ rất lớn&quot; trong năm mới sắp đến. Từ khi rời khỏi qu&ecirc; nh&agrave; với khoảng 300 triệu USD c&oacute; được sau khi b&aacute;n VK v&agrave; 2.000 bitcoin, Pavel Durov đ&atilde; sống ẩn m&igrave;nh cho đến l&uacute;c n&agrave;y bởi nhiều l&yacute; do kh&aacute;c nhau.</p>\r\n\r\n<p>Đầu ti&ecirc;n, Pavel c&oacute; quan hệ với hai trong số những nh&acirc;n vật bị truy n&atilde; c&oacute; ảnh hưởng nhất đối với ch&iacute;nh quyền Mỹ l&agrave; Julian Assange v&agrave; Edward Snowden. Nh&agrave; s&aacute;ng lập Wikileaks Julian Assange đ&atilde; kh&iacute;ch lệ c&ocirc;ng nghệ m&atilde; ho&aacute; của Telegram, c&ograve;n cựu nh&acirc;n vi&ecirc;n NSA Edward Snowden th&igrave; được Pavel cho một việc l&agrave;m sau khi anh n&agrave;y đến Moscow năm 2013.</p>\r\n\r\n<p>&nbsp;</p>\r\n\r\n<p><img alt=\"\r\nJulian Assange và Edward Snowden\r\n\" src=\"http://genknews.genkcdn.vn/thumb_w/660/2017/snowden-assange-part-1513089400188.jpg\" /></p>\r\n\r\n<p>Julian Assange v&agrave; Edward Snowden</p>\r\n\r\n<p>Thứ hai l&agrave; Iran: mới đ&acirc;y nước n&agrave;y đ&atilde; tuy&ecirc;n Pavel Durov phạm tội vắng mặt bởi việc Telegram qu&aacute; phổ biến trong giới khủng bố, bu&ocirc;n người v&agrave; ấu d&acirc;m. Tuy nhi&ecirc;n anh ch&agrave;ng n&agrave;y c&oacute; vẻ vẫn chẳng lo lắng g&igrave;, kể cả khi anh đang phải đối đầu với một quốc gia vẫn đang t&igrave;m c&aacute;ch xử tử một tiểu thuyết gia v&igrave; một cuốn s&aacute;ch &ocirc;ng viết c&aacute;ch đ&acirc;y 3 thập kỷ.</p>\r\n\r\n<p>&quot;<em>T&ocirc;i bị th&uacute;c đẩy bởi sự t&ograve; m&ograve;. Việc điều h&agrave;nh một nền tảng mạng x&atilde; hội phổ biến nhất tại một quốc gia như Iran quả l&agrave; si&ecirc;u hấp dẫn</em>&quot; - Anh n&oacute;i.</p>\r\n\r\n<p>Tại Iran, Twitter v&agrave; Facebook đều bị cấm, v&agrave; Telegram trở th&agrave;nh điểm đến của khoảng 40% lượng truy cập Internet của Iran d&ugrave; bị c&aacute;c nh&agrave; mạng kh&ocirc;ng d&acirc;y địa phương đề nghị ch&iacute;nh quyền cấm chức năng gọi điện m&atilde; ho&aacute; m&agrave; Pavel Durov vừa tung ra hồi th&aacute;ng 4.</p>\r\n\r\n<p>Telegram l&agrave; ứng dụng m&atilde; nguồn mở, hoạt động tr&ecirc;n mọi thiết bị di động v&agrave; PC, hiện l&agrave; &quot;nh&agrave;&quot; của khoảng 500.000 k&ecirc;nh (channel) tiếng Ba Tư nơi người d&ugrave;ng c&oacute; thể đăng tải đủ thể loại nội dung để những người kh&aacute;c theo d&otilde;i miễn ph&iacute;.</p>\r\n\r\n<p>Telegram kh&ocirc;ng y&ecirc;u cầu người d&ugrave;ng phải biết số điện thoại của người kh&aacute;c để c&oacute; thể tr&ograve; chuyện m&agrave; chỉ cần biết t&ecirc;n đăng nhập. H&agrave;ng ng&agrave;n người sử dụng c&aacute;c hệ điều h&agrave;nh kh&aacute;c nhau c&oacute; thể tạo c&aacute;c cuộc n&oacute;i chuyện cực kỳ bảo mật cho ri&ecirc;ng m&igrave;nh v&agrave; chia sẻ c&aacute;c loại tập tin đ&iacute;nh k&egrave;m. Đ&oacute; cũng ch&iacute;nh l&agrave; l&yacute; do m&agrave; c&aacute;c binh sỹ IS sử dụng ứng dụng n&agrave;y kh&aacute; nhiều. Durov cho biết anh đang ph&aacute;t triển t&iacute;nh năng t&igrave;m kiếm để gi&uacute;p lọc bỏ c&aacute;c nội dung cực đoan, ngăn chặn khủng bố sử dụng ch&uacute;ng, nhưng dữ liệu c&aacute; nh&acirc;n sẽ lu&ocirc;n được bảo vệ.</p>\r\n\r\n<p><strong>&quot;Đảm bảo trọn đời&quot;</strong></p>\r\n\r\n<p>Một điều m&agrave; &ocirc;ng tr&ugrave;m Internet người Nga n&agrave;y &iacute;t khi qua t&acirc;m đến khi viết n&ecirc;n Telegram l&agrave; lợi nhuận. Durov xem Telegram l&agrave; một quỹ từ thiện, v&agrave; anh dự định sẽ kiếm một t&iacute; tiền từ n&oacute; nhưng cũng chỉ vừa đủ để mở rộng dịch vụ m&agrave; th&ocirc;i. V&agrave; cũng kh&ocirc;ng như sản phẩm đầu tay VK - vốn chịu &aacute;p lực ch&iacute;nh trị từ ch&iacute;nh quyền Nga bởi n&oacute; đ&oacute;ng trụ sở tại Nga, anh cho rằng Telegram l&agrave; bất khả x&acirc;m phạm, kh&ocirc;ng ai c&oacute; thể mua được, bằng bất kỳ gi&aacute; n&agrave;o.</p>\r\n\r\n<p>Trong khi t&aacute;c giả c&aacute;c ứng dụng đối thủ như WhatsApp v&agrave; Skype cuối c&ugrave;ng đều chấp nhận b&aacute;n sản phẩm của m&igrave;nh, Durov n&oacute;i a sẽ tiếp tục từ chối c&aacute;c lời đề nghị từ một số t&ecirc;n tuổi lớn đến từ thung lũng Silicon. Anh kh&ocirc;ng n&ecirc;u r&otilde; họ l&agrave; ai, nhưng anh cho rằng họ định gi&aacute; Telegram v&agrave;o khoảng 3 - 5 tỷ USD.</p>\r\n\r\n<p>&quot;<em>Ngay cả khi nhận được 20 tỷ USD, n&oacute; cũng kh&ocirc;ng phải để b&aacute;n. Đ&oacute; l&agrave; lời đảm bảo trọn đời</em>&quot; - Durov n&oacute;i.</p>\r\n\r\n<p>Khi Facebook mua WhatsApp v&agrave;o năm 2014, họ đ&atilde; phải bỏ ra 40 USD cho mỗi người d&ugrave;ng. Durov đ&atilde; d&ugrave;ng c&aacute;ch t&iacute;nh n&agrave;y để ước lượng gi&aacute; trị của Telegram. Nhưng đ&oacute; kh&ocirc;ng phải l&agrave; một so s&aacute;nh ho&agrave;n hảo bởi Telegram đang ng&agrave;y c&agrave;ng trở th&agrave;nh một nền tảng truyền th&ocirc;ng x&atilde; hội, bởi hiện nay thị trường ứng dụng nhắn tin đ&atilde; qu&aacute; đ&ocirc;ng đ&uacute;c.</p>\r\n\r\n<p><strong>Bitcoin, Thuế</strong></p>\r\n\r\n<p>D&ugrave; sở hữu khối t&agrave;i sản đ&aacute;ng mơ ước nhưng Durov lại &iacute;t khi vung tiền v&agrave;o một thứ g&igrave; đ&oacute;, trừ một v&agrave;i thương vụ mua b&aacute;n chiến lược. Anh cho biết đ&atilde; mua một &iacute;t bitcoin với gi&aacute; 750 USD/bitcoin c&aacute;ch đ&acirc;y 4 năm, v&agrave; hiện số bitcoin n&agrave;y đ&atilde; tăng gi&aacute; trị từ 1,5 triệu USD l&ecirc;n hơn 35 triệu USD. Anh cũng đầu tư vừa đủ v&agrave;o St. Kitts v&agrave; Nevis để c&oacute; thể trở th&agrave;nh một c&ocirc;ng d&acirc;n của quốc gia Caribe n&agrave;y.</p>\r\n\r\n<p>Pavel Durov n&oacute;i rằng anh lạc quan về bitcoin bởi n&oacute; l&agrave; &quot;v&agrave;ng số&quot;. L&agrave; người điều h&agrave;nh một trong những ứng dụng nhắn tin phổ biến nhất thế giới, Pavel đặc biệt phấn kh&iacute;ch khi c&oacute; thứ g&igrave; đ&oacute; &quot;<em>ho&agrave;n to&agrave;n kh&ocirc;ng thể dự đo&aacute;n được</em>&quot; xảy ra - &quot;<em>như hiện tại, to&agrave;n bộ cộng đồng blockchain v&agrave; tiền m&atilde; ho&aacute; vừa chuyển sang d&ugrave;ng Telegram</em>&quot;.</p>\r\n\r\n<p>N&oacute;i về l&yacute; do chọn Dubai l&agrave;m nơi ở, anh cho biết đ&oacute; l&agrave; bởi v&ugrave;ng miễn thuế:</p>\r\n\r\n<p>&quot;<em>Đ&oacute; l&agrave; vấn đề về nguy&ecirc;n tắc. Nhiều người ch&acirc;u &Acirc;u kh&ocirc;ng nhận ra được thuế đ&atilde; giới hạn c&aacute;c lựa chọn của họ như thế n&agrave;o. Bạn c&oacute; thể phải d&ugrave;ng gần như nửa số thu nhập của bạn để trả thuế, tức l&agrave; bạn đang l&agrave;m việc cho ch&iacute;nh phủ 180 ng&agrave;y mỗi năm. T&ocirc;i nghĩ t&ocirc;i c&oacute; thể t&igrave;m ra những c&aacute;ch tốt hơn để ti&ecirc;u tiền m&igrave;nh l&agrave;m được v&igrave; lợi &iacute;ch x&atilde; hội</em>&quot;.</p>\r\n\r\n<p>Tất nhi&ecirc;n sống ở một quốc gia bảo thủ về mặt x&atilde; hội như UAE cũng c&oacute; những mặt tr&aacute;i:</p>\r\n\r\n<p>&quot;<em>Nếu t&ocirc;i l&agrave; gay th&igrave; sẽ kh&oacute; khăn hơn đ&ocirc;i ch&uacute;t. Hoặc nếu t&ocirc;i th&egrave;m rượu suốt ng&agrave;y, hoặc ăn thịt heo nữa</em>&quot;.</p>\r\n\r\n<p>Pavel Durov l&agrave; một con người của m&acirc;u thuẫn: anh ch&agrave;ng n&agrave;y c&oacute; thể tung một tấm h&igrave;nh ngực trần l&ecirc;n Tinder, nhưng lại từ chối chụp h&igrave;nh để l&ecirc;n b&aacute;o, hay mời ph&oacute;ng vi&ecirc;n đến văn ph&ograve;ng, rồi lại đổi &yacute; 180 độ.</p>\r\n\r\n<p><em>Tham khảo: Bloomberg</em></p>\r\n',NULL,'2017-12-23 19:25:36',1,'ben-o-sullivan-382817.jpg',1,NULL),(7,'Trạm vũ trụ Trung Quốc sắp rơi xuống Trái Đất, nhưng đây là lý do để bạn yên tâm ra đường mà không sợ nó rơi vào đầu','<h2 class=\"knc-sapo\" style=\"margin: 12px 0px; padding: 0px; border: 0px; font-variant-numeric: inherit; font-variant-east-asian: inherit; font-stretch: inherit; font-size: 17px; line-height: 22px; font-family: \'Times New Roman\', Georgia, serif; vertical-align: baseline; position: relative;\">Trong th&aacute;ng 3 năm nay, một trạm vũ trụ của Trung Quốc mang t&ecirc;n Thi&ecirc;n Cung 1 sẽ rơi xuống Tr&aacute;i Đất. Mọi người lo lắng mang theo &ocirc; khi ra khỏi nh&agrave;.</h2>\r\n<div class=\"clearfix\" style=\"margin: 0px; padding: 0px; border: 0px; font-variant-numeric: inherit; font-variant-east-asian: inherit; font-stretch: inherit; font-size: 12px; line-height: inherit; font-family: Arial; vertical-align: baseline; zoom: 1;\">&nbsp;</div>\r\n<div style=\"margin: 0px; padding: 0px; border: 0px; font-variant-numeric: inherit; font-variant-east-asian: inherit; font-stretch: inherit; font-size: 12px; line-height: inherit; font-family: Arial; vertical-align: baseline;\" data-check-position=\"genk_body_start\">&nbsp;</div>\r\n<div id=\"ContentDetail\" class=\"knc-content\" style=\"margin: 0px; padding: 0px; border: 0px; font-variant-numeric: inherit; font-variant-east-asian: inherit; font-stretch: inherit; font-size: 17px; line-height: 25px; font-family: \'Times New Roman\', Georgia, serif; vertical-align: baseline; color: #222222; -webkit-font-smoothing: subpixel-antialiased;\">\r\n<p style=\"margin: 0px 0px 15px; padding: 0px; border: 0px; font-style: inherit; font-variant: inherit; font-weight: inherit; font-stretch: inherit; line-height: 25px; vertical-align: baseline; -webkit-font-smoothing: subpixel-antialiased;\">Tr&ecirc;n thực tế, một trạm vũ trụ đang rơi xuống Tr&aacute;i Đất l&agrave; điều cuối c&ugrave;ng trong danh s&aacute;ch những điều khiến bạn n&ecirc;n lo lắng. Tại sao?</p>\r\n<p style=\"margin: 0px 0px 15px; padding: 0px; border: 0px; font-style: inherit; font-variant: inherit; font-weight: inherit; font-stretch: inherit; line-height: 25px; vertical-align: baseline; -webkit-font-smoothing: subpixel-antialiased;\">C&aacute;c vệ tinh v&agrave; t&agrave;u vũ trụ rơi xuống Tr&aacute;i Đất hết lần n&agrave;y đến lần kh&aacute;c. C&aacute;c thiết bị n&agrave;y nằm ở quỹ đạo thấp, v&agrave; thường xuy&ecirc;n l&agrave; mục ti&ecirc;u bị \"bắn ph&aacute;\" bởi c&aacute;c hạt nhỏ trong kh&iacute; quyển tầng cao, khiến ch&uacute;ng dần bị \"đẩy\" rơi xuống Tr&aacute;i Đất.&nbsp;<strong style=\"margin: 0px; padding: 0px; border: 0px; font-style: inherit; font-variant: inherit; font-stretch: inherit; font-size: inherit; line-height: inherit; font-family: inherit; vertical-align: baseline;\">Tuy nhi&ecirc;n, những vật thể bị rơi n&agrave;y thường kh&aacute; nhỏ, hoặc c&oacute; c&aacute;c h&igrave;nh dạng khiến ch&uacute;ng kh&ocirc;ng sớm th&igrave; muộn cũng sẽ bị thi&ecirc;u rụi ho&agrave;n to&agrave;n khi quay trở lại bầu kh&iacute; quyển Tr&aacute;i Đất.</strong></p>\r\n<p class=\"VCSortableInPreviewModeWrapper\" style=\"margin: 0px 0px 15px; padding: 0px; border: 0px; font-style: inherit; font-variant: inherit; font-weight: inherit; font-stretch: inherit; line-height: 25px; vertical-align: baseline; text-align: center; -webkit-font-smoothing: subpixel-antialiased;\">&nbsp;</p>\r\n<div class=\"VCSortableInPreviewMode active noCaption\" style=\"margin: 20px auto !important; padding: 0px; border: 0px; font-style: italic; font-variant: inherit; font-weight: inherit; font-stretch: inherit; font-size: inherit; line-height: inherit; font-family: inherit; vertical-align: baseline; text-align: center; width: 650px;\">\r\n<div style=\"margin: 0px; padding: 0px; border: 0px; font-style: inherit; font-variant: inherit; font-weight: inherit; font-stretch: inherit; font-size: inherit; line-height: inherit; font-family: inherit; vertical-align: baseline;\"><img id=\"img_ece303e0-eec8-11e7-822d-77242c66c4eb\" style=\"margin: 0px; padding: 0px !important; border: 0px; font-style: inherit; font-variant: inherit; font-weight: inherit; font-stretch: inherit; font-size: inherit; line-height: inherit; font-family: inherit; vertical-align: bottom; max-width: 100%;\" title=\"Trạm vũ trụ Trung Quốc sắp rơi xuống Tr&aacute;i Đất, nhưng đ&acirc;y l&agrave; l&yacute; do để bạn y&ecirc;n t&acirc;m ra đường m&agrave; kh&ocirc;ng sợ n&oacute; rơi v&agrave;o đầu - Ảnh 1.\" src=\"http://genknews.genkcdn.vn/thumb_w/660/2018/tiangong-1-rendering-3-cmse-1514793235537.jpg\" alt=\"Trạm vũ trụ Trung Quốc sắp rơi xuống Tr&aacute;i Đất, nhưng đ&acirc;y l&agrave; l&yacute; do để bạn y&ecirc;n t&acirc;m ra đường m&agrave; kh&ocirc;ng sợ n&oacute; rơi v&agrave;o đầu - Ảnh 1.\" width=\"\" height=\"\" data-original=\"http://genknews.genkcdn.vn/2018/tiangong-1-rendering-3-cmse-1514793235537.jpg\" /></div>\r\n<div class=\"PhotoCMS_Caption\" style=\"margin: 0px 0px 15px; padding: 10px; border: 0px; font-style: inherit; font-variant: inherit; font-weight: inherit; font-stretch: inherit; font-size: inherit; line-height: inherit; font-family: inherit; vertical-align: baseline; text-align: left; background: #f2f2f2;\">\r\n<p class=\"NLPlaceholderShow\" style=\"margin: 0px; padding: 0px; border: 0px; font-style: normal; font-variant-numeric: normal; font-variant-east-asian: normal; font-stretch: normal; font-size: 13.8px; line-height: 18px; font-family: Arial; vertical-align: baseline; -webkit-font-smoothing: subpixel-antialiased; background: #f3f3f3; color: #666666 !important;\" data-placeholder=\"[nhập ch&uacute; th&iacute;ch]\">&nbsp;</p>\r\n</div>\r\n</div>\r\n<p>&nbsp;</p>\r\n<p style=\"margin: 0px 0px 15px; padding: 0px; border: 0px; font-style: inherit; font-variant: inherit; font-weight: inherit; font-stretch: inherit; line-height: 25px; vertical-align: baseline; -webkit-font-smoothing: subpixel-antialiased;\">Thế nhưng vấn đề đối với trạm Thi&ecirc;n Cung 1 l&agrave; n&oacute; c&oacute; k&iacute;ch thước kh&aacute; lớn. Được ph&oacute;ng l&ecirc;n v&agrave;o năm 2011, trạm Thi&ecirc;n Cung 1 (Tiangong-1) l&agrave; trạm vũ trụ c&oacute; người sống đầu ti&ecirc;n của Trung Quốc, với c&acirc;n nặng l&ecirc;n đến gần 8,62 tấn. Ước t&iacute;nh khoảng 10-40% của trạm vũ trụ n&agrave;y, tức khoảng từ 0,91-3,63 tấn, sẽ rơi xuống mặt đất, v&agrave; đ&acirc;y l&agrave; một con số kh&ocirc;ng lớn khi so s&aacute;nh với c&aacute;c vệ tinh loại nhỏ.</p>\r\n<p style=\"margin: 0px 0px 15px; padding: 0px; border: 0px; font-style: inherit; font-variant: inherit; font-weight: inherit; font-stretch: inherit; line-height: 25px; vertical-align: baseline; -webkit-font-smoothing: subpixel-antialiased;\">Với c&aacute;c thiết bị vũ trụ c&oacute; k&iacute;ch thước tương tự hoặc lớn hơn Thi&ecirc;n Cung 1, c&aacute;c nh&agrave; điều h&agrave;nh thường đ&atilde; chuẩn bị sẵn một kế hoạch để c&oacute; thể loại bỏ ch&uacute;ng một c&aacute;ch an to&agrave;n khi đ&atilde; ho&agrave;n th&agrave;nh sứ mệnh. Nếu một thiết bị vũ trụ c&oacute; bộ phận đẩy th&igrave; c&oacute; thể tận dụng số nhi&ecirc;n liệu c&ograve;n lại tr&ecirc;n thiết bị để khởi động bộ phận n&agrave;y v&agrave; l&aacute;i n&oacute; xuống đại dương. Hoặc bạn c&oacute; thể ph&oacute;ng một t&agrave;u vũ trụ kh&aacute;c với động cơ c&oacute; thể lắp r&aacute;p v&agrave;o thiết bị vũ trụ sắp rơi để l&aacute;i n&oacute; đến một nơi an to&agrave;n hơn.</p>\r\n<p style=\"margin: 0px 0px 15px; padding: 0px; border: 0px; font-style: inherit; font-variant: inherit; font-weight: inherit; font-stretch: inherit; line-height: 25px; vertical-align: baseline; -webkit-font-smoothing: subpixel-antialiased;\">Thế nhưng điều tương tự sẽ kh&ocirc;ng diễn ra đối với Thi&ecirc;n Cung 1. Trạm vũ trụ n&agrave;y ban đầu chỉ được chế tạo để hoạt động đến năm 2013 m&agrave; th&ocirc;i, nhưng Trung Quốc quyết định k&eacute;o d&agrave;i thời gian n&agrave;y th&ecirc;m v&agrave;o năm nữa. Đến năm 2016, Cơ quan Vũ trụ Trung Quốc th&ocirc;ng b&aacute;o đ&atilde; mất li&ecirc;n lạc v&agrave; kh&ocirc;ng c&ograve;n kiểm so&aacute;t được trạm vũ trụ n&agrave;y nữa, đồng thời quỹ đạo của n&oacute; cũng bắt đầu giảm dần, kh&ocirc;ng sớm th&igrave; muộn cũng sẽ rơi xuống tầng kh&iacute; quyền một c&aacute;ch kh&ocirc;ng kiểm so&aacute;t được. N&oacute;i một c&aacute;ch d&acirc;n d&atilde;: \"<em style=\"margin: 0px; padding: 0px; border: 0px; font-variant: inherit; font-weight: inherit; font-stretch: inherit; font-size: inherit; line-height: inherit; font-family: inherit; vertical-align: baseline; word-wrap: break-word;\">Ch&uacute;ng t&ocirc;i chẳng biết n&oacute; sẽ rơi xuống chỗ n&agrave;o nữa</em>\"!</p>\r\n<p style=\"margin: 0px 0px 15px; padding: 0px; border: 0px; font-style: inherit; font-variant: inherit; font-weight: inherit; font-stretch: inherit; line-height: 25px; vertical-align: baseline; -webkit-font-smoothing: subpixel-antialiased;\">Mạng lưới theo d&otilde;i kh&ocirc;ng gian Mỹ v&agrave; cơ quan vũ trụ của c&aacute;c quốc gia kh&aacute;c đ&atilde; bắt đầu theo d&otilde;i Thi&ecirc;n Cung 1, v&agrave; đến nay tất cả những g&igrave; ch&uacute;ng ta biết l&agrave; trạm vũ trụ n&agrave;y sẽ rơi xuống vị tr&iacute; từ giữa vĩ độ 43 độ Bắc v&agrave; vĩ độ 43 độ Nam - một khoảng c&aacute;ch qu&aacute; lớn, nhưng may mắn l&agrave; hầu hết bề mặt Tr&aacute;i Đất trong khu vực n&agrave;y được bao phủ bởi đại dương, c&ograve;n những nơi c&oacute; đất th&igrave; hầu như kh&ocirc;ng c&oacute; ai sinh sống.</p>\r\n<p style=\"margin: 0px 0px 15px; padding: 0px; border: 0px; font-style: inherit; font-variant: inherit; font-weight: inherit; font-stretch: inherit; line-height: 25px; vertical-align: baseline; -webkit-font-smoothing: subpixel-antialiased;\">Do đ&oacute;, khả năng c&oacute; mảnh vụn n&agrave;o đ&oacute; của Thi&ecirc;n Cung 1 rơi tr&uacute;ng đầu bạn gần như l&agrave; zero (thực ra l&agrave; tỉ lệ khoảng 1/10.000). B&ecirc;n cạnh đ&oacute;, d&ugrave; khối lượng rơi xuống khoảng từ 0,91-3,63 tấn nhưng phần lớn ch&uacute;ng đều sẽ ch&aacute;y vụn ra th&agrave;nh từng miếng rất nhỏ v&agrave; sẽ rơi rải r&aacute;c xuống một v&ugrave;ng rộng lớn chứ kh&ocirc;ng dồn v&agrave;o một chỗ.</p>\r\n<p class=\"VCSortableInPreviewModeWrapper\" style=\"margin: 0px 0px 15px; padding: 0px; border: 0px; font-style: inherit; font-variant: inherit; font-weight: inherit; font-stretch: inherit; line-height: 25px; vertical-align: baseline; text-align: center; -webkit-font-smoothing: subpixel-antialiased;\">&nbsp;</p>\r\n<div class=\"VCSortableInPreviewMode active noCaption\" style=\"margin: 20px auto !important; padding: 0px; border: 0px; font-style: italic; font-variant: inherit; font-weight: inherit; font-stretch: inherit; font-size: inherit; line-height: inherit; font-family: inherit; vertical-align: baseline; text-align: center; width: 650px;\">\r\n<div style=\"margin: 0px; padding: 0px; border: 0px; font-style: inherit; font-variant: inherit; font-weight: inherit; font-stretch: inherit; font-size: inherit; line-height: inherit; font-family: inherit; vertical-align: baseline;\"><img id=\"img_95f83b80-eec9-11e7-bfda-49628eb4972b\" style=\"margin: 0px; padding: 0px !important; border: 0px; font-style: inherit; font-variant: inherit; font-weight: inherit; font-stretch: inherit; font-size: inherit; line-height: inherit; font-family: inherit; vertical-align: bottom; max-width: 100%;\" title=\"Trạm vũ trụ Trung Quốc sắp rơi xuống Tr&aacute;i Đất, nhưng đ&acirc;y l&agrave; l&yacute; do để bạn y&ecirc;n t&acirc;m ra đường m&agrave; kh&ocirc;ng sợ n&oacute; rơi v&agrave;o đầu - Ảnh 3.\" src=\"http://genknews.genkcdn.vn/thumb_w/660/2018/1212-1514793518841.jpg\" alt=\"Trạm vũ trụ Trung Quốc sắp rơi xuống Tr&aacute;i Đất, nhưng đ&acirc;y l&agrave; l&yacute; do để bạn y&ecirc;n t&acirc;m ra đường m&agrave; kh&ocirc;ng sợ n&oacute; rơi v&agrave;o đầu - Ảnh 3.\" width=\"\" height=\"\" data-original=\"http://genknews.genkcdn.vn/2018/1212-1514793518841.jpg\" /></div>\r\n<div class=\"PhotoCMS_Caption\" style=\"margin: 0px 0px 15px; padding: 10px; border: 0px; font-style: inherit; font-variant: inherit; font-weight: inherit; font-stretch: inherit; font-size: inherit; line-height: inherit; font-family: inherit; vertical-align: baseline; text-align: left; background: #f2f2f2;\">\r\n<p class=\"NLPlaceholderShow\" style=\"margin: 0px; padding: 0px; border: 0px; font-style: normal; font-variant-numeric: normal; font-variant-east-asian: normal; font-stretch: normal; font-size: 13.8px; line-height: 18px; font-family: Arial; vertical-align: baseline; -webkit-font-smoothing: subpixel-antialiased; background: #f3f3f3; color: #666666 !important;\" data-placeholder=\"[nhập ch&uacute; th&iacute;ch]\">&nbsp;</p>\r\n</div>\r\n</div>\r\n<p>&nbsp;</p>\r\n<p style=\"margin: 0px 0px 15px; padding: 0px; border: 0px; font-style: inherit; font-variant: inherit; font-weight: inherit; font-stretch: inherit; line-height: 25px; vertical-align: baseline; -webkit-font-smoothing: subpixel-antialiased;\">Đ&acirc;y cũng kh&ocirc;ng phải l&agrave; lần đầu ti&ecirc;n c&oacute; một thiết bị vũ trụ lớn, hay lớn hơn như thế n&agrave;y, rơi kh&ocirc;ng kiểm so&aacute;t xuống mặt đất. V&agrave;o năm 2011, t&agrave;u vũ trụ Nga ph&oacute;ng l&ecirc;n Sao Hoả thất bại khiến n&oacute; bay v&ocirc; định trong quỹ đạo thấp của Tr&aacute;i Đất. T&agrave;u vũ trụ n&agrave;y c&oacute; t&ecirc;n l&agrave; Phobos-Grunt, nặng gần 13,61 tấn, đ&atilde; rơi xuống Th&aacute;i B&igrave;nh Dương v&agrave;o năm 2012. Hay trạm vũ trụ Sky Lab nặng gần 72,57 tấn của NASA cũng từng rơi kh&ocirc;ng kiểm so&aacute;t xuống mặt đất, nhưng chẳng ai bị thương t&iacute;ch g&igrave; cả.</p>\r\n<p style=\"margin: 0px 0px 15px; padding: 0px; border: 0px; font-style: inherit; font-variant: inherit; font-weight: inherit; font-stretch: inherit; line-height: 25px; vertical-align: baseline; -webkit-font-smoothing: subpixel-antialiased;\">Trong hơn 50 năm từ l&uacute;c con người bắt đầu ph&oacute;ng c&aacute;c t&ecirc;n lửa, chỉ c&oacute; một người duy nhất tr&ecirc;n thế giới từng bị một mảnh vụn rơi tr&uacute;ng l&agrave; b&agrave; Lottie Williams, bị một mảnh nhỏ của t&ecirc;n lửa Delta sượt qua vai khi đang đi bộ ngo&agrave;i đường.</p>\r\n<div id=\"admzone480457\" style=\"margin: 0px; padding: 0px; border: 0px; font-style: inherit; font-variant: inherit; font-weight: inherit; font-stretch: inherit; font-size: inherit; line-height: inherit; font-family: inherit; vertical-align: baseline;\">\r\n<div id=\"ads_zone480457\" style=\"margin: 0px; padding: 0px; border: 0px; font-style: inherit; font-variant: inherit; font-weight: inherit; font-stretch: inherit; font-size: inherit; line-height: inherit; font-family: inherit; vertical-align: baseline;\">\r\n<div id=\"ads_zone480457_slot1\" style=\"margin: 0px; padding: 0px; border: 0px; font-style: inherit; font-variant: inherit; font-weight: inherit; font-stretch: inherit; font-size: inherit; line-height: inherit; font-family: inherit; vertical-align: baseline;\">&nbsp;</div>\r\n</div>\r\n</div>\r\n<p style=\"margin: 0px 0px 15px; padding: 0px; border: 0px; font-style: inherit; font-variant: inherit; font-weight: inherit; font-stretch: inherit; line-height: 25px; vertical-align: baseline; -webkit-font-smoothing: subpixel-antialiased;\">Tin tốt l&agrave; Thi&ecirc;n Cung 1 sẽ gi&uacute;p c&aacute;c chuy&ecirc;n gia s&agrave;ng lọc tốt hơn c&aacute;c m&ocirc; h&igrave;nh r&aacute;c thải vũ trụ của họ. Một nh&oacute;m c&aacute;c cơ quan quốc tế c&oacute; t&ecirc;n gọi l&agrave; IADC đ&atilde; chọn Thi&ecirc;n Cung 1 l&agrave;m mục ti&ecirc;u gi&aacute;m s&aacute;t, qua đ&oacute; sẽ cho ph&eacute;p họ s&agrave;ng lọc c&aacute;c m&ocirc; h&igrave;nh dự đo&aacute;n của m&igrave;nh. Tất nhi&ecirc;n l&agrave; IADC sẽ kh&ocirc;ng đưa ra cảnh b&aacute;o n&agrave;o, họ chỉ c&oacute; thể đưa ra thời gian Thi&ecirc;n Cung 1 bắt đầu v&agrave;o kh&iacute; quyển trong khoảng 3 tiếng trước đ&oacute;, c&ograve;n cụ thể rơi ở đ&acirc;u v&agrave; khi n&agrave;o th&igrave; chẳng ai biết được.</p>\r\n<p style=\"margin: 0px 0px 15px; padding: 0px; border: 0px; font-style: inherit; font-variant: inherit; font-weight: inherit; font-stretch: inherit; line-height: 25px; vertical-align: baseline; -webkit-font-smoothing: subpixel-antialiased; text-align: right;\"><em style=\"margin: 0px; padding: 0px; border: 0px; font-variant: inherit; font-weight: inherit; font-stretch: inherit; font-size: inherit; line-height: inherit; font-family: inherit; vertical-align: baseline; word-wrap: break-word;\">Tham khảo: TheVerge</em></p>\r\n</div>','','2017-12-26 23:20:15',1,'tiangong-1-rendering-3-cmse-1514793235537.jpg',1,NULL),(8,'Những thay đổi của Java trong năm 2017','<p style=\"box-sizing: border-box; font-family: Roboto; font-size: 16px; line-height: 26px; margin-top: 0px; margin-bottom: 26px; color: #333333;\"><span style=\"box-sizing: border-box;\">Trong v&ograve;ng nhiều năm qua, Java đ&atilde; trải qua rất nhiều sự thay đổi. V&agrave;o đầu năm nay, Java EE trong t&igrave;nh trạng thiếu ổn định v&agrave; ng&agrave;y ấn định ra mắt Java 9 lại tiếp tực bị dời kh&ocirc;ng thời hạn. Tại sự kiện JavaOne 2016, Oracle đ&atilde; th&ocirc;ng b&aacute;o kế hoạch của m&igrave;nh để giới thiệu nền tảng mới nhất Java SE 9 v&agrave; OpenJDK 9.</span></p>\r\n<p style=\"box-sizing: border-box; font-family: Roboto; font-size: 16px; line-height: 26px; margin-top: 0px; margin-bottom: 26px; color: #333333;\"><span style=\"box-sizing: border-box;\">V&agrave;o th&aacute;ng 6/2017, ủy ban quản l&yacute; cộng đồng Java đ&atilde; bỏ phiếu ửng hộ cho nền tảng hệ thống Module của Java, được biết đến với c&aacute;i t&ecirc;n JSR 376, đặt nền m&oacute;ng cho Java 9.</span></p>\r\n<p style=\"box-sizing: border-box; font-family: Roboto; font-size: 16px; line-height: 26px; margin-top: 0px; margin-bottom: 26px; color: #333333;\"><span style=\"box-sizing: border-box;\">Java 9 cuối c&ugrave;ng cũng được ra mắt v&agrave;o th&aacute;ng 9 năm 2017 v&agrave; kh&ocirc;ng c&ograve;n hoạt động dựa tr&ecirc;n cấu tr&uacute;c nguy&ecirc;n khối (monolithic) như c&aacute;c phi&ecirc;n bản Java trước đ&oacute; m&agrave; đ&atilde; được thay thế bằng c&ocirc;ng cụ nền tảng Module (Modular). Ch&iacute;nh sự thay đổi n&agrave;y đ&atilde; gi&uacute;p Java c&oacute; thể dễ d&agrave;ng t&iacute;ch hợp ở c&aacute;c thiết bị nhỏ hơn, t&iacute;nh năng n&agrave;y đ&atilde; được giới thiệu từ bản JDK 8 nhưng chưa sẵn s&agrave;ng v&agrave;o thời điểm ra mắt.</span><img style=\"box-sizing: border-box; border: none; max-width: 100%; height: 1px; margin: 0px; display: inline-block; width: 1px; opacity: 0; padding: 0px;\" src=\"https://network.topdev.vn/in&amp;v&amp;a&amp;i&amp;V0tidmZrZm5iNVE9\" /></p>\r\n<p style=\"box-sizing: border-box; font-family: Roboto; font-size: 16px; line-height: 26px; margin-top: 0px; margin-bottom: 26px; color: #333333;\"><span style=\"box-sizing: border-box;\">Java 9 cũng bao gồm t&iacute;nh năng li&ecirc;n kết thời gian xuất hiện giữa hai khoảng thời gian đọc dữ liệu v&agrave; thời gian hoạt động. Jshell đ&atilde; th&ecirc;m v&agrave;o chức năng Read-Eval-Print-Loop cho Java, cho ph&eacute;p lập tr&igrave;nh vi&ecirc;n c&oacute; thể đưa ra nhận x&eacute;t ngay lập tức trong khi viết code, gi&uacute;p dễ d&agrave;ng tiếp cận hơn cho người mới hoặc cho những lập tr&igrave;nh vi&ecirc;n c&oacute; kinh nghiệm c&oacute; cơ hội để thử sức với API, thư viện hoặc c&aacute;c t&iacute;nh năng mới. B&ecirc;n cạnh đ&oacute;, vẫn c&ograve;n c&oacute; một v&agrave;i t&iacute;nh năng nổi trội kh&aacute;c được bổ sung nhằm cải thiện qu&aacute; tr&igrave;nh thực hiện JVM, &nbsp;cũng như n&acirc;ng cấp l&otilde;i thư viện.</span></p>\r\n<div class=\"box-rcm\" style=\"box-sizing: border-box; color: #333333; font-family: Roboto; font-size: 16px;\">&nbsp;</div>\r\n<p style=\"box-sizing: border-box; font-family: Roboto; font-size: 16px; line-height: 26px; margin-top: 0px; margin-bottom: 26px; color: #333333;\"><span style=\"box-sizing: border-box;\">Th&aacute;ng 7 năm 2016, nhiều nh&agrave; lập tr&igrave;nh vẫn chờ đợi những tin tức mới nhất về việc Java EE được n&acirc;ng cấp, nhưng chẳng c&oacute; bất k&igrave; th&ocirc;ng tin n&agrave;o từ Oracle. Một nh&oacute;m nhỏ mang t&ecirc;n Java Guardians được th&agrave;nh lập nhằm mục đ&iacute;ch để thu h&uacute;t sự ch&uacute; &yacute; từ Oracle để họ c&oacute; thể tiếp tục dự &aacute;n của m&igrave;nh. Tại JavaOne v&agrave;o th&aacute;ng 9, Oracle cuối c&ugrave;ng cũng đ&atilde; chịu l&ecirc;n tiếng về Java EE, th&ocirc;ng b&aacute;o tin vui rằng ch&uacute;ng ta sẽ c&oacute; thể sở hữu n&oacute; v&agrave;o năm 2017.</span></p>\r\n<p style=\"box-sizing: border-box; font-family: Roboto; font-size: 16px; line-height: 26px; margin-top: 0px; margin-bottom: 26px; color: #333333;\"><span style=\"box-sizing: border-box;\">Th&aacute;ng 8, Oracle tiếp tục th&ocirc;ng b&aacute;o về việc muốn chuyển nhượng Java EE th&agrave;nh một phần mềm m&atilde; nguồn mở. Một th&aacute;ng sau, Oracle ho&agrave;n tất việc chuyển Java EE đến Eclipse v&agrave; Oracle vẫn tiếp tục hỗ trợ cho Java EE. Theo Oracle, việc chuyển cho Eclipse sẽ gi&uacute;p cho tổ chức quản l&yacute; quy tr&igrave;nh ph&aacute;t triển sản phẩm Agile linh hoạt hơn</span></p>\r\n<p style=\"box-sizing: border-box; font-family: Roboto; font-size: 16px; line-height: 26px; margin-top: 0px; margin-bottom: 26px; color: #333333;\"><span style=\"box-sizing: border-box;\">Cũng trong th&aacute;ng ch&iacute;n, Oracle đề xuất thay đổi quy tr&igrave;nh ra mắt Java SE v&agrave; JDK để việc ra mắt được nhiều hiệu quả hơn. Họ muốn cho ra một phi&ecirc;n bản lớn mỗi s&aacute;u th&aacute;ng, bắt đầu từ th&aacute;ng 3 năm 2018 với Java 9. C&aacute;c bản n&acirc;ng cấp vẫn được tiếp tục ra mắt theo mỗi qu&yacute; v&agrave; c&aacute;c phi&ecirc;n bản cập nhật d&agrave;i k&igrave; sẽ được ra mắt theo thời hạn ba năm. Quy tr&igrave;nh ra mắt mới n&agrave;y sẽ theo c&aacute;i c&aacute;ch m&agrave; ch&uacute;ng ta ti&ecirc;u thụ sản phẩm c&ocirc;ng nghệ đang tăng trưởng cực nhanh v&agrave;o khoảng thời gian gần đ&acirc;y, tuy nhi&ecirc;n việc thay đổi chu tr&igrave;nh ra mắt sản phẩm của Java lại đi ngược lại với những g&igrave; m&agrave; Java đ&atilde; l&agrave;m v&agrave;o những ng&agrave;y đầu.</span></p>\r\n<p style=\"box-sizing: border-box; font-family: Roboto; font-size: 16px; line-height: 26px; margin-top: 0px; margin-bottom: 26px; color: #333333;\"><span style=\"box-sizing: border-box;\">V&agrave; cũng tại JavaOne v&agrave;o th&aacute;ng 10, một v&agrave;i c&ocirc;ng cụ phần mềm bổ sung cũng th&ocirc;ng b&aacute;o cho ra những dịch vụ mới. Như Parasoft ra mắt một bản n&acirc;ng cấp đầy đủ cho Jtest. Như việc ra mắt Test Assitant cho Java. Như JN Bridge ra mắt Java.VS, một plugin cho ph&eacute;p lập tr&igrave;nh vi&ecirc;n viết code bằng Java ở Visual Studio. Java.VS cũng c&oacute; Java code editor, Java project system, v&agrave; cho ph&eacute;p lập tr&igrave;nh vi&ecirc;n Java sử dụng hệ thống x&acirc;y dựng VS v&agrave; giao diện debugger.</span></p>\r\n<p style=\"box-sizing: border-box; font-family: Roboto; font-size: 16px; line-height: 26px; margin-top: 0px; margin-bottom: 26px; color: #333333; text-align: right;\"><em style=\"box-sizing: border-box;\">Techtalk Via&nbsp;</em><a style=\"box-sizing: border-box; background-color: transparent; color: #ec1f27; text-decoration-line: none;\" href=\"https://sdtimes.com/java/2017-changes-java/\" target=\"_new\" data-wpel-link=\"external\"><em style=\"box-sizing: border-box;\">Sdtimes</em></a></p>','Những thay đổi của Java trong năm 2017','2017-12-26 23:20:15',13,'java-9-696x464.jpg',1,NULL),(9,'Java JDK 10: Có gì mới?','<p style=\"box-sizing: border-box; font-family: Roboto; font-size: 16px; line-height: 26px; margin-top: 0px; margin-bottom: 26px; color: #333333;\"><span style=\"box-sizing: border-box;\">C&aacute;c developer vừa mới l&agrave;m quen với&nbsp;</span><a style=\"box-sizing: border-box; background-color: transparent; color: #ec1f27; text-decoration-line: none;\" href=\"https://www.infoworld.com/article/3227244/java/java-9-is-here-everything-you-need-to-know.html\" target=\"_new\" data-wpel-link=\"external\">Java 9</a><span style=\"box-sizing: border-box;\">, được ra mắt v&agrave;o th&aacute;ng 9 vừa rồi, sẽ chỉ c&oacute; v&agrave;i th&aacute;ng sử dụng cho tới khi thế hệ tiếp theo của Java được ra mắt. Trong th&aacute;ng 12 n&agrave;y, Java Development Kit 10 upgrade sẽ được chuyển qua một giai đoạn rampdown với chỉ&nbsp;</span><a style=\"box-sizing: border-box; background-color: transparent; color: #ec1f27; text-decoration-line: none;\" href=\"https://www.infoworld.com/article/3183502/java/oracle-sets-priorities-for-java-9-bug-fixes.html\" target=\"_new\" data-wpel-link=\"external\">P1 tới P3 bugs</a><span style=\"box-sizing: border-box;\">&nbsp;sẽ được fix.</span></p>\r\n<h3 style=\"box-sizing: border-box; font-family: Roboto; color: #333333; font-weight: 400; margin: 27px 0px 17px; font-size: 22px; line-height: 30px;\"><strong style=\"box-sizing: border-box;\">Khi n&agrave;o th&igrave; JDK 10 ch&iacute;nh thức ra mắt</strong></h3>\r\n<p style=\"box-sizing: border-box; font-family: Roboto; font-size: 16px; line-height: 26px; margin-top: 0px; margin-bottom: 26px; color: #333333;\"><span style=\"box-sizing: border-box;\">JDK 10, của Java Standard Edition 10, được l&ecirc;n lịch v&agrave;o 20 th&aacute;ng 3, 2018 với c&aacute;c cải thiện ch&iacute;nh bao gồm local type inference v&agrave; một interface mới d&agrave;nh cho garbage collection.</span></p>\r\n<p style=\"box-sizing: border-box; font-family: Roboto; font-size: 16px; line-height: 26px; margin-top: 0px; margin-bottom: 26px; color: #333333;\"><span style=\"box-sizing: border-box;\">Oracle cũng l&ecirc;n kế hoạch 6 th&aacute;ng d&agrave;nh cho c&aacute;c Java releases. Vốn ban đầu h&atilde;ng dự định sẽ đặt t&ecirc;n cho những update n&agrave;y dựa theo th&aacute;ng v&agrave; năm với điểm bắt đầu l&agrave; Java 18.3. Nhưng n&oacute; nhanh ch&oacute;ng bị b&aacute;c bỏ sau khi nhận được phản ứng ti&ecirc;u cực từ cộng đồng.</span></p>\r\n<h3 style=\"box-sizing: border-box; font-family: Roboto; color: #333333; font-weight: 400; margin: 27px 0px 17px; font-size: 22px; line-height: 30px;\"><strong style=\"box-sizing: border-box;\">Downoad JDK 10</strong></h3>\r\n<div class=\"td-a-rec td-a-rec-id-content_inline\" style=\"box-sizing: border-box; color: #333333; font-family: Roboto; font-size: 16px;\">\r\n<div id=\"b-g-i-net-VGlQQWtzTDVsdVE9\" class=\"td-all-devices\" style=\"box-sizing: border-box; display: table; margin-left: auto; margin-right: auto;\"><span class=\"b-i-net-VGlQQWtzTDVsdVE90\" style=\"box-sizing: border-box; display: inline;\"><a style=\"box-sizing: border-box; background-color: transparent; color: #ec1f27; text-decoration-line: none;\" href=\"https://network.topdev.vn/out&amp;a&amp;c&amp;V0tidmZrZm5iNVE9\" target=\"_blank\" rel=\"noopener\"><img class=\"img-responsive\" style=\"box-sizing: border-box; border: 0px; max-width: 100%; height: auto; margin-bottom: 21px; display: block; width: 696px; margin-left: auto; margin-right: auto;\" src=\"https://network.topdev.vn/uploads/meeup01-png-20171215081757.png\" /></a><img style=\"box-sizing: border-box; border: none; max-width: 100%; height: 1px; margin: 0px; display: inline-block; width: 1px; opacity: 0; padding: 0px;\" src=\"https://network.topdev.vn/in&amp;v&amp;a&amp;i&amp;V0tidmZrZm5iNVE9\" /><span style=\"box-sizing: border-box;\">Bạn c&oacute; thể tải về phi&ecirc;n bản beta của&nbsp;</span><a style=\"background-color: transparent; box-sizing: border-box; color: #ec1f27; text-decoration-line: none;\" href=\"http://jdk.java.net/10/\" target=\"_new\" data-wpel-link=\"external\">JDK 10</a><span style=\"box-sizing: border-box;\">&nbsp;ngay từ b&acirc;y giờ</span></span></div>\r\n</div>\r\n<p style=\"box-sizing: border-box; font-family: Roboto; font-size: 16px; line-height: 26px; margin-top: 0px; margin-bottom: 26px; color: #333333;\">&nbsp;</p>\r\n<h3 style=\"box-sizing: border-box; font-family: Roboto; color: #333333; font-weight: 400; margin: 27px 0px 17px; font-size: 22px; line-height: 30px;\"><strong>C&aacute;c t&iacute;nh năng mới được cải thiện</strong><strong style=\"box-sizing: border-box;\"> trong JDK 10</strong></h3>\r\n<p style=\"box-sizing: border-box; font-family: Roboto; font-size: 16px; line-height: 26px; margin-top: 0px; margin-bottom: 26px; color: #333333;\"><span style=\"box-sizing: border-box;\">Những t&iacute;nh năng quan trọng trong JDK 10 bao gồm:</span></p>\r\n<p style=\"box-sizing: border-box; font-family: Roboto; font-size: 16px; line-height: 26px; margin-top: 0px; margin-bottom: 26px; color: #333333;\"><span style=\"box-sizing: border-box;\">Một local-variable type inference, cải thiện ng&ocirc;n ngữ để mở rộng type inference tới local variables. Mục đ&iacute;ch l&agrave; để giảm bớt c&aacute;c bước rườm r&agrave; trong coding trong khi vẫn giữ một commitment cho sự an to&agrave;n của static type.</span></p>\r\n<p style=\"box-sizing: border-box; font-family: Roboto; font-size: 16px; line-height: 26px; margin-top: 0px; margin-bottom: 26px; color: #333333;\"><span style=\"box-sizing: border-box;\">Một g&oacute;i collector interface gọn g&agrave;ng hơn để cải thiện khả năng c&ocirc; lập m&atilde; nguồn của c&aacute;c garbage collector kh&aacute;c nhau. Mục đ&iacute;ch l&agrave; để cho modularity tốt hơn v&agrave;o garbage collection code trong HotSpot virtual machine cũng như dễ d&agrave;ng trong việc th&ecirc;m một garbage collector v&agrave;o HotSpot. &Aacute;</span><span style=\"box-sizing: border-box;\">p dụng parallel full garbage collection cho G1 garbage collector nhằm cải thiện độ trễ (latencies).</span></p>\r\n<p style=\"box-sizing: border-box; font-family: Roboto; font-size: 16px; line-height: 26px; margin-top: 0px; margin-bottom: 26px; color: #333333;\"><span style=\"box-sizing: border-box;\">Cho ph&eacute;p HotSpot chỉ định đống đối tượng (object heap) tr&ecirc;n một thiết bị bộ nhớ thay thế như NVDIMM memory module. T&iacute;nh năng cho ta thấy việc c&aacute;c hệ thống trong tương lai sẽ c&oacute; thể c&oacute; kiến tr&uacute;c bộ nhớ kh&ocirc;ng đồng nhất.</span></p>\r\n<p style=\"box-sizing: border-box; font-family: Roboto; font-size: 16px; line-height: 26px; margin-top: 0px; margin-bottom: 26px; color: #333333;\"><span style=\"box-sizing: border-box;\">Cho ph&eacute;p&nbsp;</span><a style=\"box-sizing: border-box; background-color: transparent; color: #ec1f27; text-decoration-line: none;\" href=\"https://www.infoworld.com/article/3187868/application-development/oracles-java-on-java-experiment-picks-up-steam.html\" target=\"_new\" data-wpel-link=\"external\">Grall Java-based just-in-time compiler</a><span style=\"box-sizing: border-box;\">&nbsp;được sử dụng trong m&ocirc;i trường thử nghiệm tr&ecirc;n Linux/x64 platform.</span></p>\r\n<p style=\"box-sizing: border-box; font-family: Roboto; font-size: 16px; line-height: 26px; margin-top: 0px; margin-bottom: 26px; color: #333333;\"><span style=\"box-sizing: border-box;\">Hợp nhất repositories của JDK l&agrave;m một để ph&aacute;t triển streamline. Bởi code base từ trước tới giờ bị chia th&agrave;nh nhiều repos kh&aacute;c nhau, vốn g&acirc;y kh&oacute; khăn trong quản l&iacute; source-code.</span></p>\r\n<p style=\"box-sizing: border-box; font-family: Roboto; font-size: 16px; line-height: 26px; margin-top: 0px; margin-bottom: 26px; color: #333333;\"><span style=\"box-sizing: border-box;\">Application class-data sharing, nhằm gi&uacute;p giảm bớt c&aacute;c vấn đề hay xảy ra khi chia sẻ common class metadata. Nhờ đ&oacute; m&agrave; thời gian startup cũng được cải thiện.</span></p>\r\n<p style=\"box-sizing: border-box; font-family: Roboto; font-size: 16px; line-height: 26px; margin-top: 0px; margin-bottom: 26px; color: #333333;\"><span style=\"box-sizing: border-box;\">Thread-local handshakes, d&ugrave;ng để thực hiện một callback tr&ecirc;n threads m&agrave; kh&ocirc;ng cần tới một VM safepoint. C&aacute;c theard c&oacute; thể dừng độc lập thay v&igrave; phải dừng mọi thread hoặc kh&ocirc;ng thread n&agrave;o.</span></p>\r\n<p style=\"box-sizing: border-box; font-family: Roboto; font-size: 16px; line-height: 26px; margin-top: 0px; margin-bottom: 26px; color: #333333;\"><span style=\"box-sizing: border-box;\">Cung cấp giấy chứng nhận thẩm quyền trong JDK. Mục ti&ecirc;u l&agrave; để chứng chỉ gốc m&atilde; nguồn mở Oracle&rsquo;s Java SE Root CA program nhằm gi&uacute;p OpenJDK builds thu h&uacute;t developer hơn.</span></p>\r\n<h3 style=\"box-sizing: border-box; font-family: Roboto; color: #333333; font-weight: 400; margin: 27px 0px 17px; font-size: 22px; line-height: 30px;\"><strong style=\"box-sizing: border-box;\">C&aacute;c giai đoạn ph&aacute;t triển theo kế hoạch của JDK 10</strong></h3>\r\n<p style=\"box-sizing: border-box; font-family: Roboto; font-size: 16px; line-height: 26px; margin-top: 0px; margin-bottom: 26px; color: #333333;\"><span style=\"box-sizing: border-box;\">11 th&aacute;ng 1, 2018: Ho&agrave;n th&agrave;nh tất cả tests, tr&ecirc;n to&agrave;n bộ c&aacute;c platform.</span></p>\r\n<p style=\"box-sizing: border-box; font-family: Roboto; font-size: 16px; line-height: 26px; margin-top: 0px; margin-bottom: 26px; color: #333333;\"><span style=\"box-sizing: border-box;\">18 th&aacute;ng 2, 2018: Rampdown giai đoạn 2, với chỉ &ldquo;showstopper&rdquo; bugs &nbsp;l&agrave; được sửa.</span></p>\r\n<p style=\"box-sizing: border-box; font-family: Roboto; font-size: 16px; line-height: 26px; margin-top: 0px; margin-bottom: 26px; color: #333333;\"><span style=\"box-sizing: border-box;\">22 th&aacute;ng 2, 2018: Phi&ecirc;n bản thử nghiệm cuối c&ugrave;ng.</span></p>\r\n<p style=\"box-sizing: border-box; font-family: Roboto; font-size: 16px; line-height: 26px; margin-top: 0px; margin-bottom: 26px; color: #333333;\"><span style=\"box-sizing: border-box;\">Th&aacute;ng 3, 2018: Ra mắt Java 18.3</span></p>\r\n<h3 style=\"box-sizing: border-box; font-family: Roboto; color: #333333; font-weight: 400; margin: 27px 0px 17px; font-size: 22px; line-height: 30px;\"><strong style=\"box-sizing: border-box;\">C&aacute;c kế hoạch d&agrave;i hạn của Java</strong></h3>\r\n<p style=\"box-sizing: border-box; font-family: Roboto; font-size: 16px; line-height: 26px; margin-top: 0px; margin-bottom: 26px; color: #333333;\"><a style=\"box-sizing: border-box; background-color: transparent; color: #ec1f27; text-decoration-line: none;\" href=\"https://www.infoworld.com/article/3187868/application-development/oracles-java-on-java-experiment-picks-up-steam.html\" target=\"_new\" data-wpel-link=\"external\">Amber Project</a><span style=\"box-sizing: border-box;\">, vốn d&agrave;nh cho c&aacute;c ng&ocirc;n ngữ nhỏ v&agrave; chuy&ecirc;n về năng suất bao gồm local-variable type inference, nhằm gi&uacute;p giảm bớt c&aacute;c bước kh&ocirc;ng cần thiết trong Java code; gi&uacute;p n&acirc;ng cao enums cũng như cải thiện khả năng expressive của enum th&ocirc;ng qua việc cho ph&eacute;p type variables v&agrave; thực hiện sharper type-check cho enum constants.</span></p>\r\n<p style=\"box-sizing: border-box; font-family: Roboto; font-size: 16px; line-height: 26px; margin-top: 0px; margin-bottom: 26px; color: #333333;\"><a style=\"box-sizing: border-box; background-color: transparent; color: #ec1f27; text-decoration-line: none;\" href=\"https://www.infoworld.com/article/2607953/java/article.html\" target=\"_new\" data-wpel-link=\"external\">Project Panama</a><span style=\"box-sizing: border-box;\">, để kết nối JVM v&agrave; native code, với việc cho ph&eacute;p native function calling v&agrave; truy cập native data từ JVM.</span></p>\r\n<p style=\"box-sizing: border-box; font-family: Roboto; font-size: 16px; line-height: 26px; margin-top: 0px; margin-bottom: 26px; color: #333333;\"><a style=\"box-sizing: border-box; background-color: transparent; color: #ec1f27; text-decoration-line: none;\" href=\"https://www.infoworld.com/article/2608087/java/java-incubator-to-explore-technologies-for-java-10-and-beyond.html\" target=\"_new\" data-wpel-link=\"external\">Valhalla</a><span style=\"box-sizing: border-box;\">, d&agrave;nh cho Java VM n&acirc;ng cao.</span></p>\r\n<p style=\"box-sizing: border-box; font-family: Roboto; font-size: 16px; line-height: 26px; margin-top: 0px; margin-bottom: 26px; color: #333333;\"><a style=\"box-sizing: border-box; background-color: transparent; color: #ec1f27; text-decoration-line: none;\" href=\"http://cr.openjdk.java.net/~rpressler/loom/Loom-Proposal.html\" target=\"_new\" data-wpel-link=\"external\">Project Loom</a><span style=\"box-sizing: border-box;\">, gi&uacute;p giảm mức độ phức tạp trong viết ứng dụng đồng thời bằng c&aacute;ch sử dụng alternative, user-mode thread, delimited continuations cũng như c&aacute;c cấu tr&uacute;c kh&aacute;c li&ecirc;n quan tới thao t&uacute;ng call-stack. Mục ti&ecirc;u ch&iacute;nh l&agrave; cung cấp một phương thức thay thế cho threads, được quản l&iacute; bởi schedulers trong Java. Khi đ&oacute;, Java programming model của Java threads sẽ được bảo quản trong khi hiệu năng được cải thiện v&agrave; giảm footprint.</span></p>\r\n<p style=\"box-sizing: border-box; font-family: Roboto; font-size: 16px; line-height: 26px; margin-top: 0px; margin-bottom: 26px; color: #333333;\"><span style=\"box-sizing: border-box;\">Với những update r&otilde; r&agrave;ng như vậy trong 6 th&aacute;ng tiếp theo, Oracle vẫn chưa c&ocirc;ng bố th&ecirc;m một t&iacute;nh năng mới cho Java n&agrave;o ngo&agrave;i những feature được được nhắc tới trong JDK 10.</span></p>\r\n<p style=\"box-sizing: border-box; font-family: Roboto; font-size: 16px; line-height: 26px; margin-top: 0px; margin-bottom: 26px; color: #333333; text-align: right;\"><em style=\"box-sizing: border-box;\"><span style=\"box-sizing: border-box;\">Techtalk via&nbsp;</span><a style=\"box-sizing: border-box; background-color: transparent; color: #ec1f27; text-decoration-line: none;\" href=\"https://www.infoworld.com/article/3230507/java/java-jdk-10-what-new-features-to-expect-in-the-next-java.html\" target=\"_new\" data-wpel-link=\"external\"><span style=\"box-sizing: border-box;\">Infoworld</span></a></em></p>','Java JDK 10: Có gì mới?','2017-12-26 23:20:15',13,'java-10-696x522.jpg',1,NULL),(10,'Những câu nói ngông cuồng nhất, đáng chú ý nhất của Elon Musk trong năm 2017','<p style=\"margin: 0px 0px 15px; padding: 0px; border: 0px; font-variant-numeric: inherit; font-variant-east-asian: inherit; font-stretch: inherit; font-size: 17px; line-height: 25px; font-family: \'Times New Roman\', Georgia, serif; vertical-align: baseline; color: #222222; -webkit-font-smoothing: subpixel-antialiased;\">Kh&ocirc;ng phải giới thiệu nhiều về Elon Musk, người đ&agrave;n &ocirc;ng c&ocirc;ng nghệ được ch&uacute; &yacute; nhất năm qua. Đa số những ng&agrave;nh, những kh&iacute;a cạnh m&agrave; bạn quan t&acirc;m đều c&oacute; dấu ch&acirc;n của Musk đi tới v&agrave; dấu tay của Musk chạm v&agrave;o. C&oacute; thể nghĩ ngay đến ng&agrave;nh du h&agrave;nh Vũ trụ với c&ocirc;ng ty SpaceX, xe điện/pin điện/thiết bị lưu trữ năng lượng Tesla, tr&iacute; tuệ nh&acirc;n tạo OpenAI, kết nối n&atilde;o bộ con người với m&aacute;y t&iacute;nh Neuralink, ...</p>\r\n<p style=\"margin: 0px 0px 15px; padding: 0px; border: 0px; font-variant-numeric: inherit; font-variant-east-asian: inherit; font-stretch: inherit; font-size: 17px; line-height: 25px; font-family: \'Times New Roman\', Georgia, serif; vertical-align: baseline; color: #222222; -webkit-font-smoothing: subpixel-antialiased;\">Trong từng mảng ấy, Musk đều c&oacute; những hứa hẹn, những c&acirc;u n&oacute;i ấn tượng, những quan điểm c&oacute; thể khiến nhiều người gật đầu m&agrave; cũng c&oacute; thể khiến nhiều c&aacute; nh&acirc;n phật &yacute;. Để tổng kết lại một năm 2017 đầy biến động, ch&uacute;ng t&ocirc;i tổng hợp lại những g&igrave; đ&aacute;ng ch&uacute; &yacute; nhất của kẻ sẽ thay đổi tương lai nh&acirc;n loại.</p>\r\n<p style=\"margin: 0px 0px 15px; padding: 0px; border: 0px; font-variant-numeric: inherit; font-variant-east-asian: inherit; font-stretch: inherit; font-size: 17px; line-height: 25px; font-family: \'Times New Roman\', Georgia, serif; vertical-align: baseline; color: #222222; -webkit-font-smoothing: subpixel-antialiased;\"><strong style=\"margin: 0px; padding: 0px; border: 0px; font-style: inherit; font-variant: inherit; font-stretch: inherit; font-size: inherit; line-height: inherit; font-family: inherit; vertical-align: baseline;\"><span style=\"color: #ff0000;\">Vẫn l&agrave; tham vọng định cư Sao Hỏa ...</span></strong></p>\r\n<p class=\"VCSortableInPreviewModeWrapper\" style=\"margin: 0px 0px 15px; padding: 0px; border: 0px; font-variant-numeric: inherit; font-variant-east-asian: inherit; font-stretch: inherit; font-size: 17px; line-height: 25px; font-family: \'Times New Roman\', Georgia, serif; vertical-align: baseline; text-align: center; color: #222222; -webkit-font-smoothing: subpixel-antialiased;\">&nbsp;</p>\r\n<div class=\"VCSortableInPreviewMode noCaption\" style=\"margin: 20px auto !important; padding: 0px; border: 0px; font-style: italic; font-variant: inherit; font-weight: inherit; font-stretch: inherit; font-size: inherit; line-height: inherit; font-family: inherit; vertical-align: baseline; text-align: center; width: 650px;\">\r\n<div style=\"margin: 0px; padding: 0px; border: 0px; font-style: inherit; font-variant: inherit; font-weight: inherit; font-stretch: inherit; font-size: inherit; line-height: inherit; font-family: inherit; vertical-align: baseline;\"><img id=\"img_ac8d8f50-edc8-11e7-9567-93d864f58c4b\" style=\"margin: 0px; padding: 0px !important; border: 0px; font-style: inherit; font-variant: inherit; font-weight: inherit; font-stretch: inherit; font-size: inherit; line-height: inherit; font-family: inherit; vertical-align: bottom; max-width: 100%;\" src=\"http://genknews.genkcdn.vn/thumb_w/660/2017/1-1514683150432.jpg\" alt=\"\" data-original=\"http://genknews.genkcdn.vn/2017/1-1514683150432.jpg\" /></div>\r\n<div class=\"PhotoCMS_Caption\" style=\"margin: auto; padding: 0px; border: 0px; font-style: inherit; font-variant: inherit; font-weight: inherit; font-stretch: inherit; font-size: inherit; line-height: inherit; font-family: inherit; vertical-align: baseline; text-align: left; background: #f2f2f2; width: 630px;\">&nbsp;</div>\r\n</div>\r\n<p>&nbsp;</p>\r\n<p style=\"margin: 0px 0px 15px; padding: 0px; border: 0px; font-variant-numeric: inherit; font-variant-east-asian: inherit; font-stretch: inherit; font-size: 17px; line-height: 25px; font-family: \'Times New Roman\', Georgia, serif; vertical-align: baseline; color: #222222; -webkit-font-smoothing: subpixel-antialiased;\"><a class=\"link-inline-content\" style=\"margin: 0px; padding: 0px; border: 0px; font-style: inherit; font-variant: inherit; font-weight: inherit; font-stretch: inherit; font-size: inherit; line-height: inherit; font-family: inherit; vertical-align: baseline; text-decoration-line: none; color: blue;\" draggable=\"false\" href=\"http://genk.vn/trong-su-kien-hom-nay-elon-musk-lam-khan-gia-kinh-ngac-voi-he-thong-ten-lua-dua-hanh-khach-di-tu-thanh-pho-nay-sang-thanh-pho-khac-20170929150413399.chn\" target=\"_blank\" rel=\"noopener\">Tại Đại hội Du h&agrave;nh Vũ trụ Quốc tế diễn ra tại &Uacute;c</a>, Elon Musk đ&atilde; tr&igrave;nh b&agrave;y kế hoạch định cư Sao Hỏa với 1 triệu người của m&igrave;nh. Dần dần, từng chuyến bay sẽ mang l&ecirc;n đ&oacute; những th&agrave;nh phần cần thiết để x&acirc;y một th&agrave;nh phố tr&ecirc;n Sao Hỏa.</p>\r\n<p style=\"margin: 0px 0px 15px; padding: 0px; border: 0px; font-variant-numeric: inherit; font-variant-east-asian: inherit; font-stretch: inherit; font-size: 17px; line-height: 25px; font-family: \'Times New Roman\', Georgia, serif; vertical-align: baseline; color: #222222; -webkit-font-smoothing: subpixel-antialiased;\">Theo lịch tr&igrave;nh đặt ra v&agrave; nếu mọi thứ su&ocirc;n sẻ, th&igrave; năm 2024, SpaceX sẽ c&oacute; phi h&agrave;nh đo&agrave;n đầu ti&ecirc;n l&ecirc;n Sao Hỏa. Ng&agrave;y ta đặt ch&acirc;n l&ecirc;n một thi&ecirc;n thể Vũ trụ kh&aacute;c ngo&agrave;i Mặt Trăng c&oacute; thể sẽ diễn ra trong khung thời gian của 7 năm nữa.</p>\r\n<div class=\"VCSortableInPreviewMode\" style=\"padding: 0px; border: 0px; font-variant-numeric: inherit; font-variant-east-asian: inherit; font-stretch: inherit; font-size: 17px; line-height: inherit; font-family: \'Times New Roman\', Georgia, serif; vertical-align: baseline; text-align: center; width: 650px; color: #222222; margin: auto !important;\"><hr /></div>\r\n<p style=\"margin: 0px 0px 15px; padding: 0px; border: 0px; font-variant-numeric: inherit; font-variant-east-asian: inherit; font-stretch: inherit; font-size: 17px; line-height: 25px; font-family: \'Times New Roman\', Georgia, serif; vertical-align: baseline; color: #222222; -webkit-font-smoothing: subpixel-antialiased;\"><strong style=\"margin: 0px; padding: 0px; border: 0px; font-style: inherit; font-variant: inherit; font-stretch: inherit; font-size: inherit; line-height: inherit; font-family: inherit; vertical-align: baseline;\"><span style=\"color: #ff0000;\">... với b&agrave;n đạp l&agrave; một Căn cứ Mặt Trăng</span></strong></p>\r\n<p class=\"VCSortableInPreviewModeWrapper\" style=\"margin: 0px 0px 15px; padding: 0px; border: 0px; font-variant-numeric: inherit; font-variant-east-asian: inherit; font-stretch: inherit; font-size: 17px; line-height: 25px; font-family: \'Times New Roman\', Georgia, serif; vertical-align: baseline; text-align: center; color: #222222; -webkit-font-smoothing: subpixel-antialiased;\">&nbsp;</p>\r\n<div class=\"VCSortableInPreviewMode noCaption active\" style=\"margin: 20px auto !important; padding: 0px; border: 0px; font-style: italic; font-variant: inherit; font-weight: inherit; font-stretch: inherit; font-size: inherit; line-height: inherit; font-family: inherit; vertical-align: baseline; text-align: center; width: 650px;\">\r\n<div style=\"margin: 0px; padding: 0px; border: 0px; font-style: inherit; font-variant: inherit; font-weight: inherit; font-stretch: inherit; font-size: inherit; line-height: inherit; font-family: inherit; vertical-align: baseline;\"><img id=\"img_ada12230-edc8-11e7-9567-93d864f58c4b\" style=\"margin: 0px; padding: 0px !important; border: 0px; font-style: inherit; font-variant: inherit; font-weight: inherit; font-stretch: inherit; font-size: inherit; line-height: inherit; font-family: inherit; vertical-align: bottom; max-width: 100%;\" src=\"http://genknews.genkcdn.vn/thumb_w/660/2017/2-1514683150434.jpg\" alt=\"\" data-original=\"http://genknews.genkcdn.vn/2017/2-1514683150434.jpg\" /></div>\r\n<div class=\"PhotoCMS_Caption\" style=\"margin: auto; padding: 0px; border: 0px; font-style: inherit; font-variant: inherit; font-weight: inherit; font-stretch: inherit; font-size: inherit; line-height: inherit; font-family: inherit; vertical-align: baseline; text-align: left; background: #f2f2f2; width: 630px;\">&nbsp;</div>\r\n</div>\r\n<p>&nbsp;</p>\r\n<p style=\"margin: 0px 0px 15px; padding: 0px; border: 0px; font-variant-numeric: inherit; font-variant-east-asian: inherit; font-stretch: inherit; font-size: 17px; line-height: 25px; font-family: \'Times New Roman\', Georgia, serif; vertical-align: baseline; color: #222222; -webkit-font-smoothing: subpixel-antialiased;\">Cũng trong sự kiện Đại hội diễn ra tại &Uacute;c kể tr&ecirc;n, Musk đặt ra một c&acirc;u hỏi kh&ocirc;i h&agrave;i với những người đang chăm ch&uacute; nghe b&agrave;i diễn thuyết. Trong v&ocirc; v&agrave;n những quyển s&aacute;ch, bộ phim v&agrave; cả tr&ograve; chơi khoa học viễn tưởng, con người đ&atilde; c&oacute; một căn cứ tr&ecirc;n Mặt Trăng rồi. Thế tại sao đời thực ta lại chưa c&oacute;?</p>\r\n<div class=\"VCSortableInPreviewMode\" style=\"padding: 0px; border: 0px; font-variant-numeric: inherit; font-variant-east-asian: inherit; font-stretch: inherit; font-size: 17px; line-height: inherit; font-family: \'Times New Roman\', Georgia, serif; vertical-align: baseline; text-align: center; width: 650px; color: #222222; margin: auto !important;\"><hr /></div>\r\n<p style=\"margin: 0px 0px 15px; padding: 0px; border: 0px; font-variant-numeric: inherit; font-variant-east-asian: inherit; font-stretch: inherit; font-size: 17px; line-height: 25px; font-family: \'Times New Roman\', Georgia, serif; vertical-align: baseline; color: #222222; -webkit-font-smoothing: subpixel-antialiased;\"><strong style=\"margin: 0px; padding: 0px; border: 0px; font-style: inherit; font-variant: inherit; font-stretch: inherit; font-size: inherit; line-height: inherit; font-family: inherit; vertical-align: baseline;\"><span style=\"color: #ff0000;\">Qu&ecirc;n m&aacute;y bay đi v&igrave; trong tương lai, đ&acirc;y mới l&agrave; phương thức ta đi từ H&agrave; Nội sang Mỹ</span></strong></p>\r\n<p class=\"VCSortableInPreviewModeWrapper\" style=\"margin: 0px 0px 15px; padding: 0px; border: 0px; font-variant-numeric: inherit; font-variant-east-asian: inherit; font-stretch: inherit; font-size: 17px; line-height: 25px; font-family: \'Times New Roman\', Georgia, serif; vertical-align: baseline; text-align: center; color: #222222; -webkit-font-smoothing: subpixel-antialiased;\">&nbsp;</p>\r\n<div class=\"VCSortableInPreviewMode noCaption active\" style=\"margin: 20px auto !important; padding: 0px; border: 0px; font-style: italic; font-variant: inherit; font-weight: inherit; font-stretch: inherit; font-size: inherit; line-height: inherit; font-family: inherit; vertical-align: baseline; text-align: center; width: 650px;\">\r\n<div style=\"margin: 0px; padding: 0px; border: 0px; font-style: inherit; font-variant: inherit; font-weight: inherit; font-stretch: inherit; font-size: inherit; line-height: inherit; font-family: inherit; vertical-align: baseline;\"><img id=\"img_ae15dd00-edc8-11e7-9d33-cb016eee09c4\" style=\"margin: 0px; padding: 0px !important; border: 0px; font-style: inherit; font-variant: inherit; font-weight: inherit; font-stretch: inherit; font-size: inherit; line-height: inherit; font-family: inherit; vertical-align: bottom; max-width: 100%;\" src=\"http://genknews.genkcdn.vn/thumb_w/660/2017/3-1514683150435.jpg\" alt=\"\" data-original=\"http://genknews.genkcdn.vn/2017/3-1514683150435.jpg\" /></div>\r\n<div class=\"PhotoCMS_Caption\" style=\"margin: auto; padding: 0px; border: 0px; font-style: inherit; font-variant: inherit; font-weight: inherit; font-stretch: inherit; font-size: inherit; line-height: inherit; font-family: inherit; vertical-align: baseline; text-align: left; background: #f2f2f2; width: 630px;\">&nbsp;</div>\r\n</div>\r\n<p>&nbsp;</p>\r\n<p style=\"margin: 0px 0px 15px; padding: 0px; border: 0px; font-variant-numeric: inherit; font-variant-east-asian: inherit; font-stretch: inherit; font-size: 17px; line-height: 25px; font-family: \'Times New Roman\', Georgia, serif; vertical-align: baseline; color: #222222; -webkit-font-smoothing: subpixel-antialiased;\">Bằng hệ thống t&ecirc;n lửa mới mang t&ecirc;n BFR, Musk sẽ vừa đưa người l&ecirc;n Mặt Trăng, Sao Hỏa v&agrave; vừa&nbsp;<a class=\"link-inline-content\" style=\"margin: 0px; padding: 0px; border: 0px; font-style: inherit; font-variant: inherit; font-weight: inherit; font-stretch: inherit; font-size: inherit; line-height: inherit; font-family: inherit; vertical-align: baseline; text-decoration-line: none; color: blue;\" draggable=\"false\" href=\"http://genk.vn/\" target=\"_blank\" rel=\"noopener\">đưa h&agrave;nh kh&aacute;ch đi từ th&agrave;nh phố n&agrave;y sang th&agrave;nh phố kh&aacute;c</a>. Một kế hoạch kh&ocirc;ng tưởng nhưng nếu kh&ocirc;ng đặt ra một mục ti&ecirc;u cố gắng, l&agrave;m sao ta c&oacute; thể đạt được những th&agrave;nh tựu mang t&iacute;nh lịch sử?</p>\r\n<div class=\"VCSortableInPreviewMode\" style=\"padding: 0px; border: 0px; font-variant-numeric: inherit; font-variant-east-asian: inherit; font-stretch: inherit; font-size: 17px; line-height: inherit; font-family: \'Times New Roman\', Georgia, serif; vertical-align: baseline; text-align: center; width: 650px; color: #222222; margin: auto !important;\"><hr /></div>\r\n<p style=\"margin: 0px 0px 15px; padding: 0px; border: 0px; font-variant-numeric: inherit; font-variant-east-asian: inherit; font-stretch: inherit; font-size: 17px; line-height: 25px; font-family: \'Times New Roman\', Georgia, serif; vertical-align: baseline; color: #222222; -webkit-font-smoothing: subpixel-antialiased;\"><strong style=\"margin: 0px; padding: 0px; border: 0px; font-style: inherit; font-variant: inherit; font-stretch: inherit; font-size: inherit; line-height: inherit; font-family: inherit; vertical-align: baseline;\"><span style=\"color: #ff0000;\">Năm 2017 rồi, vẫn c&oacute; những người tin rằng Tr&aacute;i Đất n&agrave;y phẳng</span></strong></p>\r\n<p style=\"margin: 0px 0px 15px; padding: 0px; border: 0px; font-variant-numeric: inherit; font-variant-east-asian: inherit; font-stretch: inherit; font-size: 17px; line-height: 25px; font-family: \'Times New Roman\', Georgia, serif; vertical-align: baseline; color: #222222; -webkit-font-smoothing: subpixel-antialiased;\">V&agrave; thậm ch&iacute;, c&oacute; cả một cộng đồng người tin v&agrave;o điều phi thực tế ấy. Elon Musk đ&atilde; hỏi họ&nbsp;<a class=\"link-inline-content\" style=\"margin: 0px; padding: 0px; border: 0px; font-style: inherit; font-variant: inherit; font-weight: inherit; font-stretch: inherit; font-size: inherit; line-height: inherit; font-family: inherit; vertical-align: baseline; text-decoration-line: none; color: blue;\" draggable=\"false\" href=\"http://genk.vn/elon-musk-phan-bac-hoi-tin-trai-dat-nay-la-phang-chi-voi-7-chu-20171201103610283.chn\" target=\"_blank\" rel=\"noopener\">một c&acirc;u như thế n&agrave;y</a>, khiến họ đuối l&yacute; đ&agrave;nh thừa nhận rằng Sao Hỏa th&igrave; c&oacute; h&igrave;nh cầu thật thật, thế nhưng vẫn cứ khăng khăng Tr&aacute;i Đất l&agrave; phẳng.</p>\r\n<p class=\"VCSortableInPreviewModeWrapper\" style=\"margin: 0px 0px 15px; padding: 0px; border: 0px; font-variant-numeric: inherit; font-variant-east-asian: inherit; font-stretch: inherit; font-size: 17px; line-height: 25px; font-family: \'Times New Roman\', Georgia, serif; vertical-align: baseline; text-align: center; color: #222222; -webkit-font-smoothing: subpixel-antialiased;\">&nbsp;</p>\r\n<div class=\"VCSortableInPreviewMode noCaption\" style=\"margin: 20px auto !important; padding: 0px; border: 0px; font-style: italic; font-variant: inherit; font-weight: inherit; font-stretch: inherit; font-size: inherit; line-height: inherit; font-family: inherit; vertical-align: baseline; text-align: center; width: 650px;\">\r\n<div style=\"margin: 0px; padding: 0px; border: 0px; font-style: inherit; font-variant: inherit; font-weight: inherit; font-stretch: inherit; font-size: inherit; line-height: inherit; font-family: inherit; vertical-align: baseline;\"><img id=\"img_ae63aee0-edc8-11e7-9567-93d864f58c4b\" style=\"margin: 0px; padding: 0px !important; border: 0px; font-style: inherit; font-variant: inherit; font-weight: inherit; font-stretch: inherit; font-size: inherit; line-height: inherit; font-family: inherit; vertical-align: bottom; max-width: 100%;\" src=\"http://genknews.genkcdn.vn/thumb_w/660/2017/4-1514683150437.jpg\" alt=\"\" data-original=\"http://genknews.genkcdn.vn/2017/4-1514683150437.jpg\" /></div>\r\n<div class=\"PhotoCMS_Caption\" style=\"margin: auto; padding: 0px; border: 0px; font-style: inherit; font-variant: inherit; font-weight: inherit; font-stretch: inherit; font-size: inherit; line-height: inherit; font-family: inherit; vertical-align: baseline; text-align: left; background: #f2f2f2; width: 630px;\">&nbsp;</div>\r\n</div>\r\n<p>&nbsp;</p>\r\n<div class=\"VCSortableInPreviewMode\" style=\"padding: 0px; border: 0px; font-variant-numeric: inherit; font-variant-east-asian: inherit; font-stretch: inherit; font-size: 17px; line-height: inherit; font-family: \'Times New Roman\', Georgia, serif; vertical-align: baseline; text-align: center; width: 650px; color: #222222; margin: auto !important;\"><hr /></div>\r\n<p style=\"margin: 0px 0px 15px; padding: 0px; border: 0px; font-variant-numeric: inherit; font-variant-east-asian: inherit; font-stretch: inherit; font-size: 17px; line-height: 25px; font-family: \'Times New Roman\', Georgia, serif; vertical-align: baseline; color: #222222; -webkit-font-smoothing: subpixel-antialiased;\"><strong style=\"margin: 0px; padding: 0px; border: 0px; font-style: inherit; font-variant: inherit; font-stretch: inherit; font-size: inherit; line-height: inherit; font-family: inherit; vertical-align: baseline;\"><span style=\"color: #ff0000;\">Musk kh&ocirc;ng tin rằng ta c&oacute; thể tạo n&ecirc;n một AI ho&agrave;n to&agrave;n an to&agrave;n</span></strong></p>\r\n<p class=\"VCSortableInPreviewModeWrapper\" style=\"margin: 0px 0px 15px; padding: 0px; border: 0px; font-variant-numeric: inherit; font-variant-east-asian: inherit; font-stretch: inherit; font-size: 17px; line-height: 25px; font-family: \'Times New Roman\', Georgia, serif; vertical-align: baseline; text-align: center; color: #222222; -webkit-font-smoothing: subpixel-antialiased;\">&nbsp;</p>\r\n<div class=\"VCSortableInPreviewMode noCaption\" style=\"margin: 20px auto !important; padding: 0px; border: 0px; font-style: italic; font-variant: inherit; font-weight: inherit; font-stretch: inherit; font-size: inherit; line-height: inherit; font-family: inherit; vertical-align: baseline; text-align: center; width: 650px;\">\r\n<div style=\"margin: 0px; padding: 0px; border: 0px; font-style: inherit; font-variant: inherit; font-weight: inherit; font-stretch: inherit; font-size: inherit; line-height: inherit; font-family: inherit; vertical-align: baseline;\"><img id=\"img_aea0b7e0-edc8-11e7-9567-93d864f58c4b\" style=\"margin: 0px; padding: 0px !important; border: 0px; font-style: inherit; font-variant: inherit; font-weight: inherit; font-stretch: inherit; font-size: inherit; line-height: inherit; font-family: inherit; vertical-align: bottom; max-width: 100%;\" src=\"http://genknews.genkcdn.vn/thumb_w/660/2017/5-1514683150441.jpg\" alt=\"\" data-original=\"http://genknews.genkcdn.vn/2017/5-1514683150441.jpg\" /></div>\r\n<div class=\"PhotoCMS_Caption\" style=\"margin: auto; padding: 0px; border: 0px; font-style: inherit; font-variant: inherit; font-weight: inherit; font-stretch: inherit; font-size: inherit; line-height: inherit; font-family: inherit; vertical-align: baseline; text-align: left; background: #f2f2f2; width: 630px;\">&nbsp;</div>\r\n</div>\r\n<p>&nbsp;</p>\r\n<p style=\"margin: 0px 0px 15px; padding: 0px; border: 0px; font-variant-numeric: inherit; font-variant-east-asian: inherit; font-stretch: inherit; font-size: 17px; line-height: 25px; font-family: \'Times New Roman\', Georgia, serif; vertical-align: baseline; color: #222222; -webkit-font-smoothing: subpixel-antialiased;\">Rất nhiều c&aacute; nh&acirc;n xuất ch&uacute;ng kh&aacute;c cũng đồng &yacute; với&nbsp;<a class=\"link-inline-content\" style=\"margin: 0px; padding: 0px; border: 0px; font-style: inherit; font-variant: inherit; font-weight: inherit; font-stretch: inherit; font-size: inherit; line-height: inherit; font-family: inherit; vertical-align: baseline; text-decoration-line: none; color: blue;\" draggable=\"false\" href=\"http://genk.vn/elon-musk-van-lo-so-ai-se-tieu-diet-loai-nguoi-noi-rang-90-ta-se-tao-ra-mot-tri-tue-nhan-tao-nguy-hiem-20171123163243453.chn\" target=\"_blank\" rel=\"noopener\">quan điểm n&agrave;y của Elon Musk</a>, trong đ&oacute; c&oacute; nh&agrave; vật l&yacute; nổi tiếng Stephen Hawking. Theo lẽ thường, một tr&iacute; tuệ nh&acirc;n tạo sẽ coi con người l&agrave; thi&ecirc;n địch, bởi lẽ ta sẽ l&agrave; sinh vật duy nhất c&oacute; khả năng tắt n&oacute; đi.</p>\r\n<p style=\"margin: 0px 0px 15px; padding: 0px; border: 0px; font-variant-numeric: inherit; font-variant-east-asian: inherit; font-stretch: inherit; font-size: 17px; line-height: 25px; font-family: \'Times New Roman\', Georgia, serif; vertical-align: baseline; color: #222222; -webkit-font-smoothing: subpixel-antialiased;\">Con người l&agrave; mối đe dọa lớn nhất tới sự tồn vong của Ai, đ&oacute; l&agrave; một trong những l&yacute; do khiến ch&uacute;ng nguy hiểm.</p>\r\n<div class=\"VCSortableInPreviewMode\" style=\"padding: 0px; border: 0px; font-variant-numeric: inherit; font-variant-east-asian: inherit; font-stretch: inherit; font-size: 17px; line-height: inherit; font-family: \'Times New Roman\', Georgia, serif; vertical-align: baseline; text-align: center; width: 650px; color: #222222; margin: auto !important;\"><hr /></div>\r\n<p style=\"margin: 0px 0px 15px; padding: 0px; border: 0px; font-variant-numeric: inherit; font-variant-east-asian: inherit; font-stretch: inherit; font-size: 17px; line-height: 25px; font-family: \'Times New Roman\', Georgia, serif; vertical-align: baseline; color: #222222; -webkit-font-smoothing: subpixel-antialiased;\"><strong style=\"margin: 0px; padding: 0px; border: 0px; font-style: inherit; font-variant: inherit; font-stretch: inherit; font-size: inherit; line-height: inherit; font-family: inherit; vertical-align: baseline;\"><span style=\"color: #ff0000;\">Nhưng Mark Zuckerberg kh&ocirc;ng đồng t&igrave;nh với nhận định ấy</span></strong></p>\r\n<p style=\"margin: 0px 0px 15px; padding: 0px; border: 0px; font-variant-numeric: inherit; font-variant-east-asian: inherit; font-stretch: inherit; font-size: 17px; line-height: 25px; font-family: \'Times New Roman\', Georgia, serif; vertical-align: baseline; color: #222222; -webkit-font-smoothing: subpixel-antialiased;\">Anh nghĩ rằng AI sẽ l&agrave; tương lai của con người. Cũng kh&ocirc;ng thể phủ nhận điều ấy: tr&iacute; tuệ nh&acirc;n tạo đang gi&uacute;p ch&uacute;ng ta rất nhiều trong v&ocirc; v&agrave;n c&aacute;c lĩnh vực kh&aacute;c nhau. Tuy nhi&ecirc;n, Musk c&oacute; n&oacute;i một c&acirc;u rất phật &yacute; như thế n&agrave;y:&nbsp;<a class=\"link-inline-content\" style=\"margin: 0px; padding: 0px; border: 0px; font-style: inherit; font-variant: inherit; font-weight: inherit; font-stretch: inherit; font-size: inherit; line-height: inherit; font-family: inherit; vertical-align: baseline; text-decoration-line: none; color: blue;\" draggable=\"false\" href=\"http://genk.vn/elon-musk-bao-hieu-biet-ve-tri-tue-nhan-tao-cua-mark-zuckerberg-con-rat-han-che-20170725190048031.chn\" target=\"_blank\" rel=\"noopener\">hiểu biết của Zuckerberg về Ai c&ograve;n \"rất hạn chế\"</a>.</p>\r\n<p class=\"VCSortableInPreviewModeWrapper\" style=\"margin: 0px 0px 15px; padding: 0px; border: 0px; font-variant-numeric: inherit; font-variant-east-asian: inherit; font-stretch: inherit; font-size: 17px; line-height: 25px; font-family: \'Times New Roman\', Georgia, serif; vertical-align: baseline; text-align: center; color: #222222; -webkit-font-smoothing: subpixel-antialiased;\">&nbsp;</p>\r\n<div class=\"VCSortableInPreviewMode noCaption\" style=\"margin: 20px auto !important; padding: 0px; border: 0px; font-style: italic; font-variant: inherit; font-weight: inherit; font-stretch: inherit; font-size: inherit; line-height: inherit; font-family: inherit; vertical-align: baseline; text-align: center; width: 650px;\">\r\n<div style=\"margin: 0px; padding: 0px; border: 0px; font-style: inherit; font-variant: inherit; font-weight: inherit; font-stretch: inherit; font-size: inherit; line-height: inherit; font-family: inherit; vertical-align: baseline;\"><img id=\"img_af2be0e0-edc8-11e7-9d33-cb016eee09c4\" style=\"margin: 0px; padding: 0px !important; border: 0px; font-style: inherit; font-variant: inherit; font-weight: inherit; font-stretch: inherit; font-size: inherit; line-height: inherit; font-family: inherit; vertical-align: bottom; max-width: 100%;\" src=\"http://genknews.genkcdn.vn/thumb_w/660/2017/6-1514683150443.jpg\" alt=\"\" data-original=\"http://genknews.genkcdn.vn/2017/6-1514683150443.jpg\" /></div>\r\n<div class=\"PhotoCMS_Caption\" style=\"margin: auto; padding: 0px; border: 0px; font-style: inherit; font-variant: inherit; font-weight: inherit; font-stretch: inherit; font-size: inherit; line-height: inherit; font-family: inherit; vertical-align: baseline; text-align: left; background: #f2f2f2; width: 630px;\">&nbsp;</div>\r\n</div>\r\n<p>&nbsp;</p>\r\n<p style=\"margin: 0px 0px 15px; padding: 0px; border: 0px; font-variant-numeric: inherit; font-variant-east-asian: inherit; font-stretch: inherit; font-size: 17px; line-height: 25px; font-family: \'Times New Roman\', Georgia, serif; vertical-align: baseline; color: #222222; -webkit-font-smoothing: subpixel-antialiased;\"><strong style=\"margin: 0px; padding: 0px; border: 0px; font-style: inherit; font-variant: inherit; font-stretch: inherit; font-size: inherit; line-height: inherit; font-family: inherit; vertical-align: baseline;\"><span style=\"color: #ff0000;\">Đối thủ của Tesla đầu tư &iacute;t qu&aacute;, đ&aacute;ng lẽ phải nhiều nữa</span></strong></p>\r\n<p style=\"margin: 0px 0px 15px; padding: 0px; border: 0px; font-variant-numeric: inherit; font-variant-east-asian: inherit; font-stretch: inherit; font-size: 17px; line-height: 25px; font-family: \'Times New Roman\', Georgia, serif; vertical-align: baseline; color: #222222; -webkit-font-smoothing: subpixel-antialiased;\">Daimler, c&ocirc;ng ty mẹ của Mercedes đầu tư 1 tỷ USD v&agrave;o ph&aacute;t triển xe điện. Elon Musk \"bĩu m&ocirc;i\" rằng với một đế chế xe &ocirc; t&ocirc; khổng lồ như Daimler, số tiền họ vừa đầu tư kia hẳn l&agrave; đ&atilde; thiếu một số \"0\".</p>\r\n<p style=\"margin: 0px 0px 15px; padding: 0px; border: 0px; font-variant-numeric: inherit; font-variant-east-asian: inherit; font-stretch: inherit; font-size: 17px; line-height: 25px; font-family: \'Times New Roman\', Georgia, serif; vertical-align: baseline; color: #222222; -webkit-font-smoothing: subpixel-antialiased;\">Daimler nghe thế v&agrave; gật g&ugrave; đồng &yacute;, n&oacute;i rằng họ sẽ đầu tư hẳn 10 tỷ USD v&agrave;o xe điện, v&agrave; 1 tỷ v&agrave;o c&ocirc;ng nghệ pin.<a class=\"link-inline-content\" style=\"margin: 0px; padding: 0px; border: 0px; font-style: inherit; font-variant: inherit; font-weight: inherit; font-stretch: inherit; font-size: inherit; line-height: inherit; font-family: inherit; vertical-align: baseline; text-decoration-line: none; color: blue;\" draggable=\"false\" href=\"http://genk.vn/elon-musk-bao-hieu-biet-ve-tri-tue-nhan-tao-cua-mark-zuckerberg-con-rat-han-che-20170725190048031.chn\" target=\"_blank\" rel=\"noopener\">Musk chỉ trả lời lại đ&uacute;ng một từ ngắn gọn.</a></p>\r\n<p class=\"VCSortableInPreviewModeWrapper\" style=\"margin: 0px 0px 15px; padding: 0px; border: 0px; font-variant-numeric: inherit; font-variant-east-asian: inherit; font-stretch: inherit; font-size: 17px; line-height: 25px; font-family: \'Times New Roman\', Georgia, serif; vertical-align: baseline; text-align: center; color: #222222; -webkit-font-smoothing: subpixel-antialiased;\">&nbsp;</p>\r\n<div class=\"VCSortableInPreviewMode noCaption\" style=\"margin: 20px auto !important; padding: 0px; border: 0px; font-style: italic; font-variant: inherit; font-weight: inherit; font-stretch: inherit; font-size: inherit; line-height: inherit; font-family: inherit; vertical-align: baseline; text-align: center; width: 650px;\">\r\n<div style=\"margin: 0px; padding: 0px; border: 0px; font-style: inherit; font-variant: inherit; font-weight: inherit; font-stretch: inherit; font-size: inherit; line-height: inherit; font-family: inherit; vertical-align: baseline;\"><img id=\"img_af79d9d0-edc8-11e7-9d33-cb016eee09c4\" style=\"margin: 0px; padding: 0px !important; border: 0px; font-style: inherit; font-variant: inherit; font-weight: inherit; font-stretch: inherit; font-size: inherit; line-height: inherit; font-family: inherit; vertical-align: bottom; max-width: 100%;\" src=\"http://genknews.genkcdn.vn/thumb_w/660/2017/7-1514683150444.jpg\" alt=\"\" data-original=\"http://genknews.genkcdn.vn/2017/7-1514683150444.jpg\" /></div>\r\n<div class=\"PhotoCMS_Caption\" style=\"margin: auto; padding: 0px; border: 0px; font-style: inherit; font-variant: inherit; font-weight: inherit; font-stretch: inherit; font-size: inherit; line-height: inherit; font-family: inherit; vertical-align: baseline; text-align: left; background: #f2f2f2; width: 630px;\">&nbsp;</div>\r\n</div>\r\n<p>&nbsp;</p>\r\n<p style=\"margin: 0px 0px 15px; padding: 0px; border: 0px; font-variant-numeric: inherit; font-variant-east-asian: inherit; font-stretch: inherit; font-size: 17px; line-height: 25px; font-family: \'Times New Roman\', Georgia, serif; vertical-align: baseline; color: #222222; -webkit-font-smoothing: subpixel-antialiased;\">&Ocirc;ng kh&ocirc;ng sợ những đối thủ khổng lồ ấy, v&igrave; Musk vẫn cho rằng ch&iacute;nh sự cạnh tranh sẽ khiến ng&agrave;nh xe điện n&oacute;i ri&ecirc;ng v&agrave; năng lượng sạch n&oacute;i chung ph&aacute;t triển mạnh mẽ.</p>\r\n<div class=\"VCSortableInPreviewMode\" style=\"padding: 0px; border: 0px; font-variant-numeric: inherit; font-variant-east-asian: inherit; font-stretch: inherit; font-size: 17px; line-height: inherit; font-family: \'Times New Roman\', Georgia, serif; vertical-align: baseline; text-align: center; width: 650px; color: #222222; margin: auto !important;\"><hr /></div>\r\n<p style=\"margin: 0px 0px 15px; padding: 0px; border: 0px; font-variant-numeric: inherit; font-variant-east-asian: inherit; font-stretch: inherit; font-size: 17px; line-height: 25px; font-family: \'Times New Roman\', Georgia, serif; vertical-align: baseline; color: #222222; -webkit-font-smoothing: subpixel-antialiased;\"><strong style=\"margin: 0px; padding: 0px; border: 0px; font-style: inherit; font-variant: inherit; font-stretch: inherit; font-size: inherit; line-height: inherit; font-family: inherit; vertical-align: baseline;\"><span style=\"color: #ff0000;\">Elon Musk l&agrave; nh&agrave; đầu tư, nh&agrave; khởi nghiệp phũ ph&agrave;ng</span></strong></p>\r\n<p style=\"margin: 0px 0px 15px; padding: 0px; border: 0px; font-variant-numeric: inherit; font-variant-east-asian: inherit; font-stretch: inherit; font-size: 17px; line-height: 25px; font-family: \'Times New Roman\', Georgia, serif; vertical-align: baseline; color: #222222; -webkit-font-smoothing: subpixel-antialiased;\">Đ&acirc;y l&agrave; những g&igrave; Elon Musk n&oacute;i khi c&oacute; người hỏi xin lời khuy&ecirc;n khởi nghiệp. Phũ,&nbsp;<a class=\"link-inline-content\" style=\"margin: 0px; padding: 0px; border: 0px; font-style: inherit; font-variant: inherit; font-weight: inherit; font-stretch: inherit; font-size: inherit; line-height: inherit; font-family: inherit; vertical-align: baseline; text-decoration-line: none; color: blue;\" draggable=\"false\" href=\"http://genk.vn/duoc-hoi-xin-loi-khuyen-khoi-nghiep-elon-musk-vua-dua-ra-cau-tra-loi-cuc-phu-phang-2017102813335454.chn\" target=\"_blank\" rel=\"noopener\">nhưng n&oacute; l&agrave; sự thật.</a></p>\r\n<p class=\"VCSortableInPreviewModeWrapper\" style=\"margin: 0px 0px 15px; padding: 0px; border: 0px; font-variant-numeric: inherit; font-variant-east-asian: inherit; font-stretch: inherit; font-size: 17px; line-height: 25px; font-family: \'Times New Roman\', Georgia, serif; vertical-align: baseline; text-align: center; color: #222222; -webkit-font-smoothing: subpixel-antialiased;\">&nbsp;</p>\r\n<div class=\"VCSortableInPreviewMode noCaption\" style=\"margin: 20px auto !important; padding: 0px; border: 0px; font-style: italic; font-variant: inherit; font-weight: inherit; font-stretch: inherit; font-size: inherit; line-height: inherit; font-family: inherit; vertical-align: baseline; text-align: center; width: 650px;\">\r\n<div style=\"margin: 0px; padding: 0px; border: 0px; font-style: inherit; font-variant: inherit; font-weight: inherit; font-stretch: inherit; font-size: inherit; line-height: inherit; font-family: inherit; vertical-align: baseline;\"><img id=\"img_afc38d00-edc8-11e7-9d33-cb016eee09c4\" style=\"margin: 0px; padding: 0px !important; border: 0px; font-style: inherit; font-variant: inherit; font-weight: inherit; font-stretch: inherit; font-size: inherit; line-height: inherit; font-family: inherit; vertical-align: bottom; max-width: 100%;\" src=\"http://genknews.genkcdn.vn/thumb_w/660/2017/8-1514683150446.jpg\" alt=\"\" data-original=\"http://genknews.genkcdn.vn/2017/8-1514683150446.jpg\" /></div>\r\n<div class=\"PhotoCMS_Caption\" style=\"margin: auto; padding: 0px; border: 0px; font-style: inherit; font-variant: inherit; font-weight: inherit; font-stretch: inherit; font-size: inherit; line-height: inherit; font-family: inherit; vertical-align: baseline; text-align: left; background: #f2f2f2; width: 630px;\">&nbsp;</div>\r\n</div>\r\n<p>&nbsp;</p>\r\n<div class=\"VCSortableInPreviewMode\" style=\"padding: 0px; border: 0px; font-variant-numeric: inherit; font-variant-east-asian: inherit; font-stretch: inherit; font-size: 17px; line-height: inherit; font-family: \'Times New Roman\', Georgia, serif; vertical-align: baseline; text-align: center; width: 650px; color: #222222; margin: auto !important;\"><hr /></div>\r\n<div id=\"admzone480457\" style=\"margin: 0px; padding: 0px; border: 0px; font-variant-numeric: inherit; font-variant-east-asian: inherit; font-stretch: inherit; font-size: 17px; line-height: inherit; font-family: \'Times New Roman\', Georgia, serif; vertical-align: baseline; color: #222222;\">\r\n<div id=\"ads_zone480457\" style=\"margin: 0px; padding: 0px; border: 0px; font-style: inherit; font-variant: inherit; font-weight: inherit; font-stretch: inherit; font-size: inherit; line-height: inherit; font-family: inherit; vertical-align: baseline;\">\r\n<div id=\"ads_zone480457_slot1\" style=\"margin: 0px; padding: 0px; border: 0px; font-style: inherit; font-variant: inherit; font-weight: inherit; font-stretch: inherit; font-size: inherit; line-height: inherit; font-family: inherit; vertical-align: baseline;\">&nbsp;</div>\r\n</div>\r\n</div>\r\n<p style=\"margin: 0px 0px 15px; padding: 0px; border: 0px; font-variant-numeric: inherit; font-variant-east-asian: inherit; font-stretch: inherit; font-size: 17px; line-height: 25px; font-family: \'Times New Roman\', Georgia, serif; vertical-align: baseline; color: #222222; -webkit-font-smoothing: subpixel-antialiased;\"><strong style=\"margin: 0px; padding: 0px; border: 0px; font-style: inherit; font-variant: inherit; font-stretch: inherit; font-size: inherit; line-height: inherit; font-family: inherit; vertical-align: baseline;\"><span style=\"color: #ff0000;\">C&aacute;ch đ&acirc;y kh&ocirc;ng l&acirc;u, đ&atilde; c&oacute; người nghi ngờ Musk ch&iacute;nh l&agrave; cha đẻ của Bitcoin</span></strong></p>\r\n<p style=\"margin: 0px 0px 15px; padding: 0px; border: 0px; font-variant-numeric: inherit; font-variant-east-asian: inherit; font-stretch: inherit; font-size: 17px; line-height: 25px; font-family: \'Times New Roman\', Georgia, serif; vertical-align: baseline; color: #222222; -webkit-font-smoothing: subpixel-antialiased;\">Thậm ch&iacute;, anh ch&agrave;ng đ&oacute; c&ograve;n đưa ra&nbsp;<a class=\"link-inline-content\" style=\"margin: 0px; padding: 0px; border: 0px; font-style: inherit; font-variant: inherit; font-weight: inherit; font-stretch: inherit; font-size: inherit; line-height: inherit; font-family: inherit; vertical-align: baseline; text-decoration-line: none; color: blue;\" draggable=\"false\" href=\"http://genk.vn/co-nguoi-cho-rang-elon-musk-chinh-la-cha-de-cua-bitcoin-day-la-lap-luan-rat-chat-che-cua-anh-ay-20171128165336765.chn\" target=\"_blank\" rel=\"noopener\">những bằng chứng rất thuyết phục</a>. Thế nhưng Musk đ&atilde;&nbsp;<a class=\"link-inline-content\" style=\"margin: 0px; padding: 0px; border: 0px; font-style: inherit; font-variant: inherit; font-weight: inherit; font-stretch: inherit; font-size: inherit; line-height: inherit; font-family: inherit; vertical-align: baseline; text-decoration-line: none; color: blue;\" draggable=\"false\" href=\"http://genk.vn/elon-musk-tuyen-bo-minh-khong-phai-la-satoshi-nakamoto-cha-de-cua-dong-bitcoin-20171128230127859.chn\" target=\"_blank\" rel=\"noopener\">b&aacute;c bỏ ho&agrave;n to&agrave;n những nhận định ấy</a>. &Ocirc;ng c&ograve;n kể th&ecirc;m l&agrave; đ&atilde; từng được bạn cho Bitcoin nhưng giờ cũng qu&ecirc;n mất l&agrave; cất đ&acirc;u rồi.</p>\r\n<p class=\"VCSortableInPreviewModeWrapper\" style=\"margin: 0px 0px 15px; padding: 0px; border: 0px; font-variant-numeric: inherit; font-variant-east-asian: inherit; font-stretch: inherit; font-size: 17px; line-height: 25px; font-family: \'Times New Roman\', Georgia, serif; vertical-align: baseline; text-align: center; color: #222222; -webkit-font-smoothing: subpixel-antialiased;\">&nbsp;</p>\r\n<div class=\"VCSortableInPreviewMode noCaption\" style=\"margin: 20px auto !important; padding: 0px; border: 0px; font-style: italic; font-variant: inherit; font-weight: inherit; font-stretch: inherit; font-size: inherit; line-height: inherit; font-family: inherit; vertical-align: baseline; text-align: center; width: 650px;\">\r\n<div style=\"margin: 0px; padding: 0px; border: 0px; font-style: inherit; font-variant: inherit; font-weight: inherit; font-stretch: inherit; font-size: inherit; line-height: inherit; font-family: inherit; vertical-align: baseline;\"><img id=\"img_b00acf30-edc8-11e7-9567-93d864f58c4b\" style=\"margin: 0px; padding: 0px !important; border: 0px; font-style: inherit; font-variant: inherit; font-weight: inherit; font-stretch: inherit; font-size: inherit; line-height: inherit; font-family: inherit; vertical-align: bottom; max-width: 100%;\" src=\"http://genknews.genkcdn.vn/thumb_w/660/2017/9-1514683150447.jpg\" alt=\"\" data-original=\"http://genknews.genkcdn.vn/2017/9-1514683150447.jpg\" /></div>\r\n<div class=\"PhotoCMS_Caption\" style=\"margin: auto; padding: 0px; border: 0px; font-style: inherit; font-variant: inherit; font-weight: inherit; font-stretch: inherit; font-size: inherit; line-height: inherit; font-family: inherit; vertical-align: baseline; text-align: left; background: #f2f2f2; width: 630px;\">&nbsp;</div>\r\n</div>\r\n<p>&nbsp;</p>\r\n<div class=\"VCSortableInPreviewMode\" style=\"padding: 0px; border: 0px; font-variant-numeric: inherit; font-variant-east-asian: inherit; font-stretch: inherit; font-size: 17px; line-height: inherit; font-family: \'Times New Roman\', Georgia, serif; vertical-align: baseline; text-align: center; width: 650px; color: #222222; margin: auto !important;\"><hr /></div>\r\n<p style=\"margin: 0px 0px 15px; padding: 0px; border: 0px; font-variant-numeric: inherit; font-variant-east-asian: inherit; font-stretch: inherit; font-size: 17px; line-height: 25px; font-family: \'Times New Roman\', Georgia, serif; vertical-align: baseline; color: #222222; -webkit-font-smoothing: subpixel-antialiased;\"><strong style=\"margin: 0px; padding: 0px; border: 0px; font-style: inherit; font-variant: inherit; font-stretch: inherit; font-size: inherit; line-height: inherit; font-family: inherit; vertical-align: baseline;\"><span style=\"color: #ff0000;\">Người người đ&atilde; thảng thốt khi chứng kiến chuyến bay cuối c&ugrave;ng trong năm nay của SpaceX</span></strong></p>\r\n<p style=\"margin: 0px 0px 15px; padding: 0px; border: 0px; font-variant-numeric: inherit; font-variant-east-asian: inherit; font-stretch: inherit; font-size: 17px; line-height: 25px; font-family: \'Times New Roman\', Georgia, serif; vertical-align: baseline; color: #222222; -webkit-font-smoothing: subpixel-antialiased;\">Tr&ecirc;n bầu trời California,&nbsp;<a class=\"link-inline-content\" style=\"margin: 0px; padding: 0px; border: 0px; font-style: inherit; font-variant: inherit; font-weight: inherit; font-stretch: inherit; font-size: inherit; line-height: inherit; font-family: inherit; vertical-align: baseline; text-decoration-line: none; color: blue;\" draggable=\"false\" href=\"http://genk.vn/ten-lua-falcon-9-cua-elon-musk-bay-ngang-qua-bau-troi-dan-tinh-hoang-loan-tuong-la-ufo-20171225102030138.chn\" target=\"_blank\" rel=\"noopener\">đ&atilde; c&oacute; một quả t&ecirc;n lửa rẽ kh&ocirc;ng kh&iacute; tạo ra một m&agrave;n tr&igrave;nh diễn tr&ecirc;n kh&ocirc;ng tuyệt vời</a>. Tuy nhi&ecirc;n, người d&acirc;n kh&ocirc;ng biết đ&oacute; l&agrave; t&ecirc;n lửa Falcon 9 của SpaceX, đ&atilde; tưởng n&oacute; l&agrave; người ngo&agrave;i h&agrave;nh tinh gh&eacute; thăm Tr&aacute;i Đất.</p>\r\n<p style=\"margin: 0px 0px 15px; padding: 0px; border: 0px; font-variant-numeric: inherit; font-variant-east-asian: inherit; font-stretch: inherit; font-size: 17px; line-height: 25px; font-family: \'Times New Roman\', Georgia, serif; vertical-align: baseline; color: #222222; -webkit-font-smoothing: subpixel-antialiased;\">Mạng Internet b&ugrave;ng nổ với những video, những h&igrave;nh ảnh về hiện tượng qu&aacute;i lạ n&agrave;y. Musk cũng nh&acirc;n tiện tr&ecirc;u mọi người rằng:</p>\r\n<p class=\"VCSortableInPreviewModeWrapper\" style=\"margin: 0px 0px 15px; padding: 0px; border: 0px; font-variant-numeric: inherit; font-variant-east-asian: inherit; font-stretch: inherit; font-size: 17px; line-height: 25px; font-family: \'Times New Roman\', Georgia, serif; vertical-align: baseline; text-align: center; color: #222222; -webkit-font-smoothing: subpixel-antialiased;\">&nbsp;</p>\r\n<div class=\"VCSortableInPreviewMode noCaption\" style=\"margin: 20px auto !important; padding: 0px; border: 0px; font-style: italic; font-variant: inherit; font-weight: inherit; font-stretch: inherit; font-size: inherit; line-height: inherit; font-family: inherit; vertical-align: baseline; text-align: center; width: 650px;\">\r\n<div style=\"margin: 0px; padding: 0px; border: 0px; font-style: inherit; font-variant: inherit; font-weight: inherit; font-stretch: inherit; font-size: inherit; line-height: inherit; font-family: inherit; vertical-align: baseline;\"><img id=\"img_acf8d440-edc8-11e7-9567-93d864f58c4b\" style=\"margin: 0px; padding: 0px !important; border: 0px; font-style: inherit; font-variant: inherit; font-weight: inherit; font-stretch: inherit; font-size: inherit; line-height: inherit; font-family: inherit; vertical-align: bottom; max-width: 100%;\" src=\"http://genknews.genkcdn.vn/thumb_w/660/2017/10-1-1514683150449.jpg\" alt=\"\" data-original=\"http://genknews.genkcdn.vn/2017/10-1-1514683150449.jpg\" /></div>\r\n<div class=\"PhotoCMS_Caption\" style=\"margin: auto; padding: 0px; border: 0px; font-style: inherit; font-variant: inherit; font-weight: inherit; font-stretch: inherit; font-size: inherit; line-height: inherit; font-family: inherit; vertical-align: baseline; text-align: left; background: #f2f2f2; width: 630px;\">&nbsp;</div>\r\n</div>\r\n<p>&nbsp;</p>\r\n<div class=\"VCSortableInPreviewMode\" style=\"padding: 0px; border: 0px; font-variant-numeric: inherit; font-variant-east-asian: inherit; font-stretch: inherit; font-size: 17px; line-height: inherit; font-family: \'Times New Roman\', Georgia, serif; vertical-align: baseline; text-align: center; width: 650px; color: #222222; margin: auto !important;\"><hr /></div>\r\n<p style=\"margin: 0px 0px 15px; padding: 0px; border: 0px; font-variant-numeric: inherit; font-variant-east-asian: inherit; font-stretch: inherit; font-size: 17px; line-height: 25px; font-family: \'Times New Roman\', Georgia, serif; vertical-align: baseline; color: #222222; -webkit-font-smoothing: subpixel-antialiased;\"><strong style=\"margin: 0px; padding: 0px; border: 0px; font-style: inherit; font-variant: inherit; font-stretch: inherit; font-size: inherit; line-height: inherit; font-family: inherit; vertical-align: baseline;\"><span style=\"color: #ff0000;\">Đ&acirc;y l&agrave; nhận định của Musk về hiện trạng của con người hiện tại, rằng ta đ&atilde; l&agrave; robot mất rồi ...</span></strong></p>\r\n<p style=\"margin: 0px 0px 15px; padding: 0px; border: 0px; font-variant-numeric: inherit; font-variant-east-asian: inherit; font-stretch: inherit; font-size: 17px; line-height: 25px; font-family: \'Times New Roman\', Georgia, serif; vertical-align: baseline; color: #222222; -webkit-font-smoothing: subpixel-antialiased;\">Kh&ocirc;ng r&otilde; đ&acirc;y l&agrave; điều tốt, hay l&agrave; một mối lo ngại rằng ta đang phụ thuộc v&agrave;o đồ điện tử, thiết bị c&ocirc;ng nghệ qu&aacute;, đến mức \"như bị chặt mất đi một chi\" vậy.</p>\r\n<p class=\"VCSortableInPreviewModeWrapper\" style=\"margin: 0px 0px 15px; padding: 0px; border: 0px; font-variant-numeric: inherit; font-variant-east-asian: inherit; font-stretch: inherit; font-size: 17px; line-height: 25px; font-family: \'Times New Roman\', Georgia, serif; vertical-align: baseline; text-align: center; color: #222222; -webkit-font-smoothing: subpixel-antialiased;\">&nbsp;</p>\r\n<div class=\"VCSortableInPreviewMode active noCaption\" style=\"margin: 20px auto !important; padding: 0px; border: 0px; font-style: italic; font-variant: inherit; font-weight: inherit; font-stretch: inherit; font-size: inherit; line-height: inherit; font-family: inherit; vertical-align: baseline; text-align: center; width: 650px;\">\r\n<div style=\"margin: 0px; padding: 0px; border: 0px; font-style: inherit; font-variant: inherit; font-weight: inherit; font-stretch: inherit; font-size: inherit; line-height: inherit; font-family: inherit; vertical-align: baseline;\"><img id=\"img_ad554c20-edc8-11e7-9d33-cb016eee09c4\" style=\"margin: 0px; padding: 0px !important; border: 0px; font-style: inherit; font-variant: inherit; font-weight: inherit; font-stretch: inherit; font-size: inherit; line-height: inherit; font-family: inherit; vertical-align: bottom; max-width: 100%;\" src=\"http://genknews.genkcdn.vn/thumb_w/660/2017/11-1514683150450.jpg\" alt=\"\" data-original=\"http://genknews.genkcdn.vn/2017/11-1514683150450.jpg\" /></div>\r\n<div class=\"PhotoCMS_Caption\" style=\"margin: auto; padding: 0px; border: 0px; font-style: inherit; font-variant: inherit; font-weight: inherit; font-stretch: inherit; font-size: inherit; line-height: inherit; font-family: inherit; vertical-align: baseline; text-align: left; background: #f2f2f2; width: 630px;\">&nbsp;</div>\r\n</div>\r\n<p>&nbsp;</p>\r\n<div class=\"VCSortableInPreviewMode\" style=\"padding: 0px; border: 0px; font-variant-numeric: inherit; font-variant-east-asian: inherit; font-stretch: inherit; font-size: 17px; line-height: inherit; font-family: \'Times New Roman\', Georgia, serif; vertical-align: baseline; text-align: center; width: 650px; color: #222222; margin: auto !important;\"><hr /></div>\r\n<p style=\"margin: 0px 0px 15px; padding: 0px; border: 0px; font-variant-numeric: inherit; font-variant-east-asian: inherit; font-stretch: inherit; font-size: 17px; line-height: 25px; font-family: \'Times New Roman\', Georgia, serif; vertical-align: baseline; color: #222222; -webkit-font-smoothing: subpixel-antialiased;\">Vậy đ&oacute;, v&egrave;o một c&aacute;i đ&atilde; hết một năm kể từ b&agrave;i tổng hợp những th&agrave;nh tựu m&agrave; Elon Musk đ&atilde; l&agrave;m được hồi năm 2016. Nghĩ về tương lai th&igrave; xa nhưng một khi ta nh&igrave;n lại qu&aacute; khứ, ta sẽ gật g&ugrave; nhận ra rằng thời gian tr&ocirc;i nhanh thật đ&oacute;. Sẽ chẳng l&acirc;u nữa trước khi con người bước v&agrave;o kỷ nguy&ecirc;n c&ocirc;ng nghệ mới, nơi m&agrave; mọi thứ đều được kết nối, tự động, sử dụng những dịch vụ kh&ocirc;ng tưởng như t&ecirc;n lửa đi từ th&agrave;nh phố n&agrave;y sang th&agrave;nh phố kh&aacute;c.</p>\r\n<p style=\"margin: 0px 0px 15px; padding: 0px; border: 0px; font-variant-numeric: inherit; font-variant-east-asian: inherit; font-stretch: inherit; font-size: 17px; line-height: 25px; font-family: \'Times New Roman\', Georgia, serif; vertical-align: baseline; color: #222222; -webkit-font-smoothing: subpixel-antialiased;\">L&uacute;c đ&oacute;, ta cũng sẽ nh&igrave;n lại, gật đầu đồng t&igrave;nh rằng kẻ ng&ocirc;ng cuồng Elon Musk đ&atilde; thực sự thay đổi được nh&acirc;n loại, cảm ơn &ocirc;ng s&acirc;u sắc về điều đ&oacute;.</p>\r\n<p style=\"margin: 0px 0px 15px; padding: 0px; border: 0px; font-variant-numeric: inherit; font-variant-east-asian: inherit; font-stretch: inherit; font-size: 17px; line-height: 25px; font-family: \'Times New Roman\', Georgia, serif; vertical-align: baseline; color: #222222; -webkit-font-smoothing: subpixel-antialiased;\">Ch&uacute;c c&aacute;c bạn c&oacute; một năm 2018 đầy th&agrave;nh c&ocirc;ng v&agrave; may mắn.</p>','Năm vừa qua, kẻ thay đổi nhân loại đã toan tính những gì?','2017-12-26 23:20:15',13,'5-1514683150441.jpg',1,NULL),(11,'Nhà máy pin khổng lồ của Elon Musk khắc phục sự cố mất điện của cả một bang nước Úc chỉ trong 140 mili giây','<h4 class=\"knc-sapo\">Trong khi đ&oacute;, c&aacute;c nh&agrave; m&aacute;y điện truyền thống phải mất cả tiếng đồng hồ để khắc phục sự cố.</h4>\r\n<div id=\"ContentDetail\" class=\"knc-content\">\r\n<p>Tuần vừa qua, nh&agrave; m&aacute;y điện Loy Yang tại bang Victoria nước &Uacute;c đ&atilde; gặp phải sự cố mất điện. Gần như ngay lập tức, nh&agrave; m&aacute;y pin dự ph&ograve;ng khổng lồ của Elon Musk đ&atilde; đưa v&agrave;o mạng lưới điện quốc gia hơn 100 megawatt điện để khắc phục sự cố.</p>\r\n<p>Đ&acirc;y l&agrave; một kỷ lục mới m&agrave; nh&agrave; m&aacute;y của Elon Musk vừa thiết lập, đ&oacute; l&agrave; khắc phục sự cố mất điện của cả một bang nước &Uacute;c chỉ trong khoảng thời gian 140 mili gi&acirc;y.</p>\r\n<div class=\"VCSortableInPreviewMode\">\r\n<div><img id=\"img_114e8d80-e947-11e7-a59c-8b33417326a7\" src=\"http://genknews.genkcdn.vn/thumb_w/660/2017/photo-0-1514187707480.jpg\" alt=\"\" data-original=\"http://genknews.genkcdn.vn/2017/photo-0-1514187707480.jpg\" /></div>\r\n<div class=\"PhotoCMS_Caption\">&nbsp;</div>\r\n</div>\r\n<p>Bộ trưởng năng lượng của &Uacute;c, &ocirc;ng Tom Koutsantonis đ&atilde; ph&aacute;t biểu với đ&agrave;i ph&aacute;t thanh 5AA:<em>&ldquo;Đ&oacute; l&agrave; một kỷ lục, ch&uacute;ng t&ocirc;i thực sự bị sốc v&igrave; tốc độ qu&aacute; nhanh m&agrave; loại năng lượng n&agrave;y đ&atilde; được sử dụng để khắc phục t&igrave;nh trạng mất điện tr&ecirc;n diện rộng&rdquo;.</em></p>\r\n<p>&Ocirc;ng Koutsantonis cũng nhấn mạnh rằng đ&acirc;y sẽ l&agrave; hệ thống năng lượng dự ph&ograve;ng hiệu quả nhất từ trước đến nay.&nbsp;<em>&ldquo;Nh&agrave; m&aacute;y điện tr&ecirc;n đảo Torrens c&oacute; thể phải mất từ 30 ph&uacute;t đến một tiếng đồng hồ để c&oacute; thể đưa nguồn điện của m&igrave;nh v&agrave;o hệ thống gặp sự cố. Trong khi đ&oacute;, nh&agrave; m&aacute;y pin của Tesla chỉ mất chưa đến một gi&acirc;y&rdquo;</em>, &ocirc;ng Koutsantonis cho biết.</p>\r\n<p>Nh&agrave; m&aacute;y pin lithium-ion lớn nhất thế giới n&agrave;y của Tesla mới chỉ được ho&agrave;n th&agrave;nh c&aacute;ch đ&acirc;y v&agrave;i tuần. V&agrave; đ&acirc;y cũng l&agrave; sự cố mất điện đầu ti&ecirc;n tại Nam &Uacute;c sau khi nh&agrave; m&aacute;y pin của Tesla đi v&agrave;o hoạt động. Ngay lập tức, n&oacute; đ&atilde; cho thấy sự hiệu quả của m&igrave;nh.</p>\r\n<p>Elon Musk đ&atilde; từng hứa với ch&iacute;nh quyền Nam &Uacute;c sẽ x&acirc;y dựng nh&agrave; m&aacute;y pin lithium-ion lớn nhất thế giới tại đ&acirc;y trong khoảng thời gian 100 ng&agrave;y, nếu kh&ocirc;ng kịp tiến độ sẽ tặng miễn ph&iacute; nh&agrave; m&aacute;y cho nước &Uacute;c. Kết quả l&agrave; nh&agrave; m&aacute;y đ&atilde; ho&agrave;n th&agrave;nh chỉ trong 63 ng&agrave;y.</p>\r\n<div id=\"admzone480457\">\r\n<div id=\"ads_zone480457\">\r\n<div id=\"ads_zone480457_slot1\">&nbsp;</div>\r\n</div>\r\n</div>\r\n<p>Nh&agrave; m&aacute;y lấy nguồn điện từ 99 tuabin gi&oacute; tại một trang trại gần đ&oacute;, do c&ocirc;ng ty Neoen của Ph&aacute;p điều h&agrave;nh. Nh&agrave; m&aacute;y pin của Tesla c&oacute; đủ khả năng cung cấp nguồn điện cho 30.000 gia đ&igrave;nh trong v&ograve;ng một giờ đồng hồ, nếu như sự cố mất điện diện rộng xảy ra.</p>\r\n<p style=\"text-align: right;\"><em>Tham khảo: ibtimes</em></p>\r\n</div>','Tuần vừa qua, nhà máy điện Loy Yang...','2017-12-26 23:20:15',13,'marion-michele-330691.jpg',1,NULL);
/*!40000 ALTER TABLE `news` ENABLE KEYS */;
UNLOCK TABLES;

--
-- Table structure for table `role`
--

DROP TABLE IF EXISTS `role`;
/*!40101 SET @saved_cs_client     = @@character_set_client */;
/*!40101 SET character_set_client = utf8 */;
CREATE TABLE `role` (
  `idrole` int(11) NOT NULL AUTO_INCREMENT,
  `rolename` varchar(20) NOT NULL,
  `description` text,
  PRIMARY KEY (`idrole`)
) ENGINE=InnoDB AUTO_INCREMENT=4 DEFAULT CHARSET=utf8;
/*!40101 SET character_set_client = @saved_cs_client */;

--
-- Dumping data for table `role`
--

LOCK TABLES `role` WRITE;
/*!40000 ALTER TABLE `role` DISABLE KEYS */;
INSERT INTO `role` VALUES (1,'admin','Quản trị viên'),(2,'editor','Tác giả'),(3,'member','Thành viên');
/*!40000 ALTER TABLE `role` ENABLE KEYS */;
UNLOCK TABLES;

--
-- Table structure for table `savednews`
--

DROP TABLE IF EXISTS `savednews`;
/*!40101 SET @saved_cs_client     = @@character_set_client */;
/*!40101 SET character_set_client = utf8 */;
CREATE TABLE `savednews` (
  `idsavednews` int(11) NOT NULL AUTO_INCREMENT,
  `idusers` int(11) NOT NULL,
  `idnews` int(11) NOT NULL,
  PRIMARY KEY (`idsavednews`),
  KEY `savednewsofuser_idx` (`idusers`),
  KEY `newsthatsaved_idx` (`idnews`),
  CONSTRAINT `newsthatsaved` FOREIGN KEY (`idnews`) REFERENCES `news` (`idnews`) ON DELETE NO ACTION ON UPDATE NO ACTION,
  CONSTRAINT `savednewsofuser` FOREIGN KEY (`idusers`) REFERENCES `users` (`idusers`) ON DELETE NO ACTION ON UPDATE NO ACTION
) ENGINE=InnoDB AUTO_INCREMENT=39 DEFAULT CHARSET=utf8;
/*!40101 SET character_set_client = @saved_cs_client */;

--
-- Dumping data for table `savednews`
--

LOCK TABLES `savednews` WRITE;
/*!40000 ALTER TABLE `savednews` DISABLE KEYS */;
INSERT INTO `savednews` VALUES (24,13,6),(25,13,5),(30,13,7);
/*!40000 ALTER TABLE `savednews` ENABLE KEYS */;
UNLOCK TABLES;

--
-- Table structure for table `users`
--

DROP TABLE IF EXISTS `users`;
/*!40101 SET @saved_cs_client     = @@character_set_client */;
/*!40101 SET character_set_client = utf8 */;
CREATE TABLE `users` (
  `idusers` int(11) NOT NULL AUTO_INCREMENT,
  `username` varchar(30) NOT NULL,
  `email` varchar(50) NOT NULL,
  `pwd` varchar(50) NOT NULL,
  `fullname` varchar(45) DEFAULT '',
  `createddate` datetime DEFAULT CURRENT_TIMESTAMP,
  `status` int(11) DEFAULT '0',
  `roleid` int(11) DEFAULT '0',
  `notes` varchar(100) DEFAULT '',
  `avatar` varchar(150) DEFAULT '',
  PRIMARY KEY (`idusers`),
  UNIQUE KEY `email_UNIQUE` (`email`),
  UNIQUE KEY `username_UNIQUE` (`username`)
) ENGINE=InnoDB AUTO_INCREMENT=18 DEFAULT CHARSET=utf8;
/*!40101 SET character_set_client = @saved_cs_client */;

--
-- Dumping data for table `users`
--

LOCK TABLES `users` WRITE;
/*!40000 ALTER TABLE `users` DISABLE KEYS */;
INSERT INTO `users` VALUES (1,'vudt','vudt.93@gmail.com','e10adc3949ba59abbe56e057f20f883e','Thành Vũ','2017-05-11 00:00:00',1,2,NULL,'noah-buscher-400915.jpg'),(2,'gfdfdfdff','vudtpk00714@fpt.edu.vn','e10adc3949ba59abbe56e057f20f883e','Nguyễn Văn A','2017-03-12 00:00:00',1,3,NULL,NULL),(3,'TeamCtrlN','sdfsdfsaf@gmail.com','e10adc3949ba59abbe56e057f20f883e','Trần Văn B','2017-06-23 00:00:00',1,2,NULL,'ERD.jpg'),(4,'IloveLogitech','fan@fanfan.com','e10adc3949ba59abbe56e057f20f883e','Lê Thị C','2017-06-04 00:00:00',1,3,NULL,''),(6,'sadfsafasdfdf','sadfdfsafsda@gdfs.com','e10adc3949ba59abbe56e057f20f883e','Dương Thanh Dương','2017-08-23 00:00:00',1,3,NULL,''),(7,'uuuuuuuuuuuuuu','uuuuuuuuuuu@themds.cjd','e10adc3949ba59abbe56e057f20f883e','Thanh Thanh Dương','2017-01-23 00:00:00',1,2,NULL,NULL),(8,'usermahoa','asdfasfsafdfaa@oek.cld','8a12ae9336b42c8ad4fa4b666a5d429a','Dương Thanh Thanh','2017-07-14 00:00:00',1,2,NULL,'alex-lambley-205711.jpg'),(10,'xacthucemail','kdjjeie@sffdfdf.vn','3cc495e474631049c9c8dbbb2dd75340','Vũ Thành Dương','2017-07-23 00:00:00',1,3,NULL,''),(11,'TestThuCaiNao','jsdjfsjsadj@jsjsjsa.cómadfas','de8ee2c07513a86a1a2f6112f5cfb991','Dương Vũ Thành','2017-08-13 00:00:00',1,3,NULL,''),(12,'Vuaaaaaaaa','vudtsdfs@faf.gov','e10adc3949ba59abbe56e057f20f883e','Dương Thành','2017-08-23 00:00:00',1,2,NULL,'audrey-jackson-260657.jpg'),(13,'lary123','lary.page@google.com','e10adc3949ba59abbe56e057f20f883e','Larry Page','2017-08-20 00:00:00',1,1,NULL,'category-5-400x250.jpg'),(14,'matkhaula123456','jdhuehdj@ghi.com','e10adc3949ba59abbe56e057f20f883e','Vũ Dương','2017-02-25 00:00:00',1,3,NULL,NULL),(15,'chotnay','fsadfe@cccc.cc','e10adc3949ba59abbe56e057f20f883e','Vũ Văn Dương','2017-08-15 00:00:00',1,3,NULL,NULL),(16,'huuhuu','fsdfa@vng.vn','e10adc3949ba59abbe56e057f20f883e','Dương Thị Vũ','2017-08-24 00:00:00',1,2,NULL,'sarah-diniz-outeiro-407602.jpg'),(17,'conLoiKhongTa','jjjjrrr@beta.gg','e10adc3949ba59abbe56e057f20f883e','Vũ Văn Thành','2017-12-12 00:00:00',1,1,NULL,NULL);
/*!40000 ALTER TABLE `users` ENABLE KEYS */;
UNLOCK TABLES;
/*!40103 SET TIME_ZONE=@OLD_TIME_ZONE */;

/*!40101 SET SQL_MODE=@OLD_SQL_MODE */;
/*!40014 SET FOREIGN_KEY_CHECKS=@OLD_FOREIGN_KEY_CHECKS */;
/*!40014 SET UNIQUE_CHECKS=@OLD_UNIQUE_CHECKS */;
/*!40101 SET CHARACTER_SET_CLIENT=@OLD_CHARACTER_SET_CLIENT */;
/*!40101 SET CHARACTER_SET_RESULTS=@OLD_CHARACTER_SET_RESULTS */;
/*!40101 SET COLLATION_CONNECTION=@OLD_COLLATION_CONNECTION */;
/*!40111 SET SQL_NOTES=@OLD_SQL_NOTES */;

-- Dump completed on 2018-01-01 23:59:51
